StudentID,Sex,Date,Subject,Grade,Attendence,pred_grade
173,M,2009-01,inf63,38,4,58.49403950229764
173,M,2009-02,inf63,97,6,46.987997835497836
312,M,2010-02,inf63,45,4,58.49403950229764
889,M,2009-02,gem03,0,0,61.89409798534799
890,F,2009-02,gem03,88,3,61.34290154290155
405,F,2017-02,ggi017,3,34,1.285
304,M,2010-02,inf63,41,0,54.533639119402004
595,M,2013-02,gsi005,41,0,49.49473075488123
595,M,2013-01,gsi005,20,2,57.25812800476755
80,M,2011-01,gsi014,22,8,55.38188672438673
80,M,2010-02,inf63,40,8,38.80537851037851
80,M,2011-02,gsi014,77,14,52.84895104895105
520,M,2015-02,gsi037,0,60,0.0
249,M,2011-01,facom49010,89,7,81.93333333333332
315,M,2010-02,inf63,60,2,46.289759679940985
247,F,2011-01,facom49010,63,3,75.80555555555556
245,M,2011-01,facom49010,0,37,1.2
232,M,2011-01,facom49010,97,0,82.40673425430779
313,M,2010-02,inf63,0,22,5.333333333333333
233,M,2011-01,facom49010,93,0,82.40673425430779
253,M,2011-01,facom49010,82,0,82.40673425430779
252,M,2011-01,facom49010,96,4,63.457424242424246
1012,M,2013-02,gsi015,9,36,7.55
237,M,2011-01,facom49010,90,1,75.78333333333333
236,M,2011-01,facom49010,70,1,75.78333333333333
309,M,2010-02,inf63,60,2,46.289759679940985
795,M,2014-01,gsi015,70,6,55.489641517263635
795,M,2013-01,gsi005,74,0,49.49473075488123
308,M,2010-02,inf63,60,4,58.49403950229764
829,M,2013-01,gsi005,6,30,7.593333333333334
703,M,2014-02,gsi015,60,4,62.1510829962276
703,M,2013-01,gsi005,60,2,57.25812800476755
226,M,2011-01,facom49010,40,2,67.2136507936508
225,M,2011-01,facom49010,75,0,82.40673425430779
224,M,2011-01,facom49010,84,0,82.40673425430779
339,M,2011-02,gsi014,40,6,44.032448107448104
65,M,2011-01,gsi014,50,0,57.604094058676104
161,M,2009-01,inf63,68,0,54.533639119402004
228,M,2011-01,facom49010,98,0,82.40673425430779
227,M,2011-01,facom49010,69,0,82.40673425430779
498,M,2015-02,gsi015,74,10,43.55887315883291
498,M,2015-01,gsi015,50,4,62.1510829962276
498,M,2013-01,gsi005,60,2,57.25812800476755
538,M,2015-02,gsi037,84,4,75.80999999999999
231,M,2011-01,facom49010,85,2,67.2136507936508
818,M,2013-01,gsi005,67,6,41.04712933995829
230,M,2011-01,facom49010,82,0,82.40673425430779
500,M,2015-02,gsi015,60,14,31.787576606400137
500,M,2015-01,gsi015,43,8,52.25605223080223
500,M,2013-01,gsi005,60,2,57.25812800476755
229,M,2011-01,facom49010,95,1,75.78333333333333
310,M,2010-02,inf63,60,4,58.49403950229764
840,M,2013-01,gsi005,0,38,0.5
212,M,2011-01,facom49010,60,4,63.457424242424246
824,M,2013-01,gsi005,60,4,50.207818850067724
837,M,2013-01,gsi005,36,2,57.25812800476755
235,M,2011-01,facom49010,60,0,82.40673425430779
234,M,2011-01,facom49010,3,13,15.985714285714286
220,M,2011-01,facom49010,26,12,42.08380952380953
213,F,2011-01,facom49010,33,0,82.40673425430779
250,M,2011-01,facom49010,33,0,82.40673425430779
436,M,2017-02,ggi005,10,26,10.633333333333333
805,M,2014-01,gsi015,81,4,62.1510829962276
805,M,2013-01,gsi005,70,0,49.49473075488123
246,M,2011-01,facom49010,90,0,82.40673425430779
443,M,2017-02,ggi005,19,22,7.6
616,M,2013-02,gsi005,29,4,50.207818850067724
616,M,2013-01,gsi005,40,12,41.44494755244756
244,M,2011-01,facom49010,47,4,63.457424242424246
832,F,2013-01,gsi005,29,10,44.57619267866636
243,M,2011-01,facom49010,61,4,63.457424242424246
807,M,2014-01,gsi015,76,0,71.19967706313294
807,M,2013-01,gsi005,71,2,57.25812800476755
702,M,2014-02,gsi015,81,2,62.57671514106808
702,M,2013-01,gsi005,60,4,50.207818850067724
800,M,2014-01,gsi015,14,10,43.55887315883291
800,M,2015-01,gsi015,60,10,43.55887315883291
800,M,2013-01,gsi005,60,8,42.483148010400335
510,M,2015-02,gsi015,0,46,13.3
510,M,2013-01,gsi005,38,16,23.636889499389504
433,M,2017-02,ggi005,0,22,7.6
586,M,2013-02,gsi005,30,0,49.49473075488123
586,M,2013-01,gsi005,36,16,23.636889499389504
794,M,2014-01,gsi015,85,4,62.1510829962276
794,M,2013-01,gsi005,73,0,49.49473075488123
238,M,2011-01,facom49010,0,45,2.925
825,M,2013-01,gsi005,60,0,49.49473075488123
248,M,2011-01,facom49010,70,0,82.40673425430779
241,F,2011-01,facom49010,44,5,56.3
240,M,2011-01,facom49010,91,0,82.40673425430779
920,M,2009-02,gem03,0,0,61.89409798534799
239,M,2011-01,facom49010,8,30,10.275
844,M,2013-01,gsi005,29,8,42.483148010400335
705,M,2014-02,gsi015,76,8,52.25605223080223
705,M,2013-01,gsi005,60,2,57.25812800476755
831,M,2013-01,gsi005,7,18,26.89428571428571
256,F,2011-01,facom49010,69,6,58.17121212121212
704,M,2014-02,gsi015,63,5,61.30407824933686
704,M,2013-01,gsi005,63,6,41.04712933995829
458,M,2016-02,ggi017,68,2,64.77222222222221
836,F,2013-01,gsi005,50,4,50.207818850067724
785,M,2014-01,gsi015,28,22,15.231468253968256
785,M,2013-01,gsi005,38,6,41.04712933995829
796,M,2014-01,gsi015,83,4,62.1510829962276
796,M,2013-01,gsi005,84,0,49.49473075488123
826,M,2013-01,gsi005,3,52,1.6
489,M,2015-02,gsi015,60,4,62.1510829962276
489,M,2015-01,gsi015,25,6,55.489641517263635
816,F,2013-01,gsi005,47,4,50.207818850067724
802,M,2014-01,gsi015,87,0,71.19967706313294
802,M,2013-01,gsi005,69,2,57.25812800476755
819,F,2013-01,gsi005,49,4,50.207818850067724
251,M,2011-01,facom49010,0,20,9.933333333333334
838,M,2013-01,gsi005,67,12,41.44494755244756
787,M,2014-01,gsi015,0,54,0.0
787,M,2013-01,gsi005,63,4,50.207818850067724
797,M,2014-01,gsi015,86,6,55.489641517263635
797,M,2013-01,gsi005,80,4,50.207818850067724
789,M,2014-01,gsi015,0,6,55.489641517263635
789,M,2013-01,gsi005,44,0,49.49473075488123
806,M,2014-01,gsi015,71,4,62.1510829962276
806,M,2013-01,gsi005,75,0,49.49473075488123
450,M,2016-02,ggi017,5,16,19.9
851,M,2013-01,gsi015,62,0,71.19967706313294
906,M,2009-02,gem03,27,34,25.408333333333335
916,M,2009-02,gem03,0,0,61.89409798534799
833,M,2013-01,gsi005,47,0,49.49473075488123
103,M,2016-02,gsi015,0,10,43.55887315883291
404,M,2017-02,ggi017,11,20,5.7
463,M,2016-02,ggi017,18,6,43.141666666666666
255,M,2011-01,facom49010,65,0,82.40673425430779
254,F,2011-01,facom49010,38,10,56.96120572238219
713,M,2014-02,facom49010,42,0,82.40673425430779
715,F,2014-02,facom49010,50,4,63.457424242424246
242,F,2011-01,facom49010,14,4,63.457424242424246
421,F,2017-02,ggi005,11,16,21.05
437,F,2017-02,ggi005,12,12,9.433333333333334
821,M,2013-01,gsi005,56,4,50.207818850067724
416,M,2017-02,ggi017,73,10,81.46666666666667
440,F,2017-02,ggi005,12,24,7.340000000000001
710,M,2014-02,facom49010,13,24,12.333333333333334
791,M,2014-01,gsi015,67,6,55.489641517263635
791,M,2013-01,gsi005,72,0,49.49473075488123
420,M,2017-02,ggi005,18,14,23.85
603,M,2013-02,gsi005,30,30,7.593333333333334
603,M,2013-01,gsi005,33,8,42.483148010400335
707,M,2014-02,facom49010,77,2,67.2136507936508
614,M,2013-02,gsi005,0,58,0.0
614,M,2013-01,gsi005,0,58,0.0
725,M,2014-02,facom49010,31,16,30.560000000000002
830,M,2013-01,gsi005,49,10,44.57619267866636
828,M,2013-01,gsi005,26,48,15.6
792,M,2014-01,gsi015,90,2,62.57671514106808
792,M,2013-01,gsi005,79,4,50.207818850067724
886,M,2009-01,gem03,78,0,61.89409798534799
696,M,2014-02,gsi015,60,18,35.51038794538795
696,M,2014-01,gsi015,46,10,43.55887315883291
696,M,2013-01,gsi005,60,0,49.49473075488123
712,F,2014-02,facom49010,39,12,42.08380952380953
716,M,2014-02,facom49010,85,10,56.96120572238219
936,F,2009-02,gem03,60,11,48.059682539682534
722,M,2014-02,facom49010,37,2,67.2136507936508
425,M,2017-02,ggi005,90,0,84.6
723,M,2014-02,facom49010,79,8,53.55333333333333
452,M,2016-02,ggi017,12,22,7.8
708,M,2014-02,facom49010,65,8,53.55333333333333
719,M,2014-02,facom49010,56,12,42.08380952380953
717,M,2014-02,facom49010,47,2,67.2136507936508
441,M,2017-02,ggi005,1,8,23.52285714285714
834,M,2013-01,gsi005,28,20,9.746666666666666
412,F,2017-02,ggi017,1,30,2.0
412,F,2016-02,ggi017,0,24,6.7333333333333325
429,M,2017-02,ggi005,10,4,33.575
835,F,2013-01,gsi005,66,0,49.49473075488123
820,M,2013-01,gsi005,0,78,0.0
442,F,2017-02,ggi005,0,28,2.8
424,M,2017-02,ggi005,18,36,10.65
808,F,2015-01,gsi015,60,8,52.25605223080223
808,F,2013-01,gsi005,63,2,57.25812800476755
720,M,2014-02,facom49010,94,4,63.457424242424246
817,M,2013-01,gsi005,0,78,0.0
793,M,2014-01,gsi015,80,8,52.25605223080223
793,M,2013-01,gsi005,80,4,50.207818850067724
431,M,2017-02,ggi005,0,38,0.19
419,F,2017-02,ggi005,0,36,10.65
432,M,2017-02,ggi005,34,8,23.52285714285714
728,M,2014-02,facom49010,32,6,58.17121212121212
729,M,2014-02,facom49010,41,12,42.08380952380953
718,M,2014-02,facom49010,69,6,58.17121212121212
699,M,2014-02,gsi015,64,0,71.19967706313294
699,M,2013-01,gsi005,66,0,49.49473075488123
724,M,2014-02,facom49010,81,2,67.2136507936508
843,M,2013-01,gsi005,60,16,23.636889499389504
414,F,2017-02,ggi017,18,16,19.9
414,F,2016-02,ggi017,4,20,5.7
427,M,2017-02,ggi005,9,8,23.52285714285714
454,M,2016-02,ggi017,0,34,1.285
417,F,2017-02,ggi005,12,14,23.85
822,F,2013-01,gsi005,38,20,9.746666666666666
965,M,2010-01,inf63,0,10,45.76975354710649
269,M,2010-02,inf63,60,18,32.63722222222223
900,M,2009-02,gem03,46,0,61.89409798534799
501,M,2015-02,gsi015,0,42,0.0
903,M,2009-02,gem03,0,0,61.89409798534799
896,M,2009-02,gem03,9,15,59.76818181818182
504,M,2015-02,gsi015,0,38,0.0
106,F,2016-02,gsi015,3,6,55.489641517263635
468,F,2015-02,gsi015,61,2,62.57671514106808
509,M,2015-02,gsi015,0,34,3.5
527,F,2015-02,gsi037,82,16,75.27000000000001
784,M,2014-01,gsi015,0,34,3.5
784,M,2013-01,gsi005,26,14,21.086904761904762
672,M,2012-02,gsi005,70,4,50.207818850067724
672,M,2014-01,gsi015,79,4,62.1510829962276
672,M,2013-02,gsi015,2,13,10.002727272727274
518,M,2015-02,gsi037,92,8,82.26857142857143
518,M,2014-01,gsi015,80,4,62.1510829962276
502,M,2015-02,gsi015,88,0,71.19967706313294
127,M,2016-02,gsi015,37,22,15.231468253968256
827,F,2013-01,gsi005,56,6,41.04712933995829
811,M,2015-01,gsi015,38,8,52.25605223080223
117,F,2016-02,gsi015,3,30,10.383095238095239
117,F,2015-02,gsi015,9,22,15.231468253968256
486,F,2015-02,gsi015,66,4,62.1510829962276
1014,M,2013-02,gsi015,60,2,62.57671514106808
1009,M,2013-02,gsi015,60,8,52.25605223080223
536,M,2015-02,gsi037,83,24,33.99
680,M,2012-02,gsi005,60,6,41.04712933995829
680,M,2013-02,gsi015,77,6,55.489641517263635
661,M,2012-02,gsi005,5,24,9.586666666666668
678,F,2012-02,gsi005,60,4,50.207818850067724
678,F,2015-01,gsi015,6,22,15.231468253968256
678,F,2013-02,gsi015,11,12,37.34099125848352
609,M,2013-02,gsi005,0,54,0.0
609,M,2012-02,gsi005,15,18,26.89428571428571
276,F,2010-02,inf63,10,23,8.8
210,M,2009-01,inf63,60,14,17.768055555555556
280,M,2010-02,inf63,42,10,45.76975354710649
94,F,2016-02,gsi015,14,6,55.489641517263635
476,M,2015-02,gsi015,50,15,13.793333333333333
679,M,2012-02,gsi005,67,10,44.57619267866636
679,M,2014-01,gsi015,70,14,31.787576606400137
679,M,2013-02,gsi015,37,6,55.489641517263635
664,M,2012-02,gsi005,60,4,50.207818850067724
694,M,2012-02,gsi005,60,2,57.25812800476755
694,M,2013-02,gsi015,60,14,31.787576606400137
676,F,2012-02,gsi005,60,12,41.44494755244756
659,M,2012-02,gsi005,79,10,44.57619267866636
657,F,2012-02,gsi005,83,10,44.57619267866636
657,F,2014-01,gsi015,69,10,43.55887315883291
657,F,2013-02,gsi015,2,28,6.69595238095238
682,F,2012-02,gsi005,16,4,50.207818850067724
667,M,2012-02,gsi005,15,16,23.636889499389504
282,M,2010-02,inf63,60,12,47.696666666666665
927,F,2009-02,gem03,78,3,61.34290154290155
925,F,2009-02,gem03,54,6,60.59214285714286
907,M,2009-02,gem03,51,3,61.34290154290155
508,M,2015-02,gsi015,66,2,62.57671514106808
123,M,2016-02,gsi015,17,16,26.61737151737152
924,F,2009-02,gem03,65,3,61.34290154290155
85,F,2016-02,gsi015,0,12,37.34099125848352
685,F,2012-02,gsi005,23,12,41.44494755244756
685,F,2014-01,gsi015,0,38,0.0
685,F,2013-01,gsi005,25,18,26.89428571428571
666,F,2012-02,gsi005,18,14,21.086904761904762
666,F,2015-01,gsi015,70,6,55.489641517263635
666,F,2013-02,gsi015,7,10,43.55887315883291
669,M,2012-02,gsi005,61,4,50.207818850067724
669,M,2013-02,gsi015,69,10,43.55887315883291
517,M,2015-02,gsi037,37,28,26.8
845,F,2013-01,gsi015,32,38,0.0
692,F,2012-02,gsi005,24,6,41.04712933995829
692,F,2013-01,gsi005,18,68,12.6
668,M,2012-02,gsi005,31,0,49.49473075488123
986,M,2010-01,gsi014,87,8,55.38188672438673
985,M,2010-01,gsi014,75,4,57.95214743589744
31,M,2011-01,gsi014,25,4,57.95214743589744
31,M,2010-02,inf63,3,14,17.768055555555556
31,M,2011-02,gsi014,60,10,63.080396825396825
29,M,2011-01,gsi014,23,0,57.604094058676104
29,M,2010-02,inf63,12,8,38.80537851037851
29,M,2011-02,gsi014,22,22,19.7
25,M,2011-01,gsi014,60,0,57.604094058676104
25,M,2010-02,inf63,28,11,43.25454545454546
183,M,2009-01,inf63,41,4,58.49403950229764
183,M,2009-02,inf63,73,10,45.76975354710649
532,M,2015-02,gsi037,71,4,75.80999999999999
697,M,2014-02,gsi015,81,8,52.25605223080223
535,M,2015-02,gsi037,80,5,76.6
638,M,2011-02,gsi005,60,12,41.44494755244756
638,M,2013-02,gsi015,60,4,62.1510829962276
370,M,2012-02,gsi015,8,18,35.51038794538795
627,M,2011-02,gsi005,26,22,21.953333333333333
514,M,2015-02,gsi037,72,14,67.68071428571429
352,F,2012-02,gsi015,0,72,0.0
135,M,2009-01,inf63,29,0,54.533639119402004
135,M,2009-02,inf63,1,2,46.289759679940985
474,F,2015-02,gsi015,7,14,31.787576606400137
994,M,2010-01,gsi014,33,2,48.44569985569986
993,M,2010-01,gsi014,95,0,57.604094058676104
898,M,2009-02,gem03,0,11,48.059682539682534
992,F,2010-01,gsi014,60,10,63.080396825396825
293,M,2010-02,inf63,60,2,46.289759679940985
293,M,2010-01,gsi014,35,2,48.44569985569986
46,M,2011-01,gsi014,39,2,48.44569985569986
46,M,2010-02,inf63,31,2,46.289759679940985
41,F,2011-01,gsi014,25,26,22.785000000000004
41,F,2010-02,inf63,15,10,45.76975354710649
41,F,2010-01,gsi014,2,16,42.56838383838384
990,M,2010-01,gsi014,90,0,57.604094058676104
45,M,2011-01,gsi014,30,4,57.95214743589744
45,M,2010-02,inf63,2,6,46.987997835497836
45,M,2011-02,gsi014,18,26,22.785000000000004
892,M,2009-02,gem03,60,0,61.89409798534799
910,M,2009-02,gem03,60,0,61.89409798534799
991,M,2010-01,gsi014,91,2,48.44569985569986
214,F,2011-01,facom49010,43,1,75.78333333333333
915,M,2009-02,gem03,80,3,61.34290154290155
891,F,2009-02,gem03,55,4,64.71214285714287
913,M,2009-02,gem03,77,2,71.26505772005773
914,F,2009-02,gem03,65,7,61.464999999999996
218,M,2011-01,facom49010,98,0,82.40673425430779
217,M,2011-01,facom49010,71,4,63.457424242424246
216,F,2011-01,facom49010,52,5,56.3
215,M,2011-01,facom49010,94,0,82.40673425430779
223,M,2011-01,facom49010,93,3,75.80555555555556
222,M,2011-01,facom49010,94,3,75.80555555555556
221,M,2011-01,facom49010,96,0,82.40673425430779
219,M,2011-01,facom49010,30,13,15.985714285714286
909,M,2009-02,gem03,88,0,61.89409798534799
988,M,2010-01,gsi014,50,12,46.29261904761905
292,M,2010-02,inf63,37,6,46.987997835497836
292,M,2010-01,gsi014,21,4,57.95214743589744
912,M,2009-02,gem03,87,0,61.89409798534799
905,M,2009-02,gem03,62,2,71.26505772005773
908,M,2009-02,gem03,91,3,61.34290154290155
989,M,2010-01,gsi014,79,14,52.84895104895105
34,M,2011-01,gsi014,31,2,48.44569985569986
34,M,2010-02,inf63,3,0,54.533639119402004
987,M,2010-01,gsi014,72,0,57.604094058676104
632,M,2011-02,gsi005,44,16,23.636889499389504
287,M,2010-02,inf63,64,2,46.289759679940985
287,M,2010-01,gsi014,50,6,44.032448107448104
904,M,2009-02,gem03,74,4,64.71214285714287
446,M,2017-02,ggi005,25,16,21.05
290,M,2010-02,inf63,69,2,46.289759679940985
290,M,2015-02,gsi037,79,8,82.26857142857143
901,M,2009-02,gem03,54,0,61.89409798534799
289,M,2010-02,inf63,0,16,38.49611111111111
902,M,2009-02,gem03,79,0,61.89409798534799
897,M,2009-02,gem03,80,3,61.34290154290155
899,M,2009-02,gem03,83,0,61.89409798534799
894,F,2009-02,gem03,96,0,61.89409798534799
895,M,2009-02,gem03,66,0,61.89409798534799
459,M,2016-02,ggi017,1,38,0.32333333333333336
874,M,2009-01,gem03,0,52,1.325
721,M,2014-02,facom49010,39,2,67.2136507936508
709,M,2014-02,facom49010,60,18,59.5
87,M,2016-02,gsi015,43,0,71.19967706313294
726,M,2014-02,facom49010,43,8,53.55333333333333
461,F,2016-02,ggi017,0,38,0.32333333333333336
466,M,2016-02,ggi017,89,10,81.46666666666667
566,M,2015-01,gfm015,65,6,47.12
636,M,2011-02,gsi005,60,8,42.483148010400335
635,F,2011-02,gsi005,68,6,41.04712933995829
637,M,2011-02,gsi005,12,12,41.44494755244756
637,M,2013-01,gsi015,78,8,52.25605223080223
364,M,2012-02,gsi015,99,8,52.25605223080223
364,M,2011-02,gsi005,71,2,57.25812800476755
400,F,2017-02,ggi017,0,46,4.666666666666666
358,M,2012-02,gsi015,28,8,52.25605223080223
358,M,2011-02,gsi005,33,2,57.25812800476755
361,M,2012-02,gsi015,60,2,62.57671514106808
361,M,2015-02,gsi037,64,14,67.68071428571429
361,M,2011-02,gsi005,60,0,49.49473075488123
360,M,2012-02,gsi015,22,8,52.25605223080223
360,M,2011-02,gsi005,60,8,42.483148010400335
360,M,2015-01,gsi015,60,10,43.55887315883291
360,M,2013-01,gsi015,17,8,52.25605223080223
360,M,2013-02,gsi015,8,16,26.61737151737152
972,M,2010-01,inf63,29,26,24.85
258,M,2010-02,inf63,31,18,32.63722222222223
258,M,2010-01,inf63,4,10,45.76975354710649
974,M,2010-01,inf63,60,4,58.49403950229764
982,M,2010-01,inf63,60,8,38.80537851037851
411,M,2017-02,ggi017,75,0,76.96306818181817
409,M,2017-02,ggi017,16,22,7.8
366,M,2012-02,gsi015,72,6,55.489641517263635
366,M,2015-02,gsi037,64,16,75.27000000000001
366,M,2011-02,gsi005,61,10,44.57619267866636
365,M,2012-02,gsi015,27,16,26.61737151737152
640,M,2011-02,gsi005,25,2,57.25812800476755
371,M,2012-02,gsi015,19,8,52.25605223080223
371,M,2011-02,gsi005,60,0,49.49473075488123
371,M,2014-01,gsi015,12,28,6.69595238095238
371,M,2015-01,gsi015,0,42,0.0
371,M,2013-01,gsi015,25,8,52.25605223080223
266,F,2010-02,inf63,60,8,38.80537851037851
266,F,2015-02,gsi037,81,12,78.60944444444445
369,M,2012-02,gsi015,15,32,7.546428571428573
369,M,2015-02,gsi015,74,8,52.25605223080223
369,M,2011-02,gsi005,70,2,57.25812800476755
426,M,2017-02,ggi005,0,30,0.1
367,M,2012-02,gsi015,60,2,62.57671514106808
367,M,2011-02,gsi005,75,2,57.25812800476755
448,F,2017-02,ggi005,15,6,25.09285714285714
639,M,2011-02,gsi005,14,6,41.04712933995829
639,M,2014-01,gsi015,0,24,10.945833333333335
639,M,2013-01,gsi015,0,26,18.45
272,M,2010-02,inf63,41,26,24.85
505,M,2015-02,gsi015,60,4,62.1510829962276
478,M,2015-02,gsi015,60,14,31.787576606400137
478,M,2015-01,gsi015,45,12,37.34099125848352
275,F,2010-02,inf63,60,2,46.289759679940985
274,M,2010-02,inf63,38,18,32.63722222222223
126,M,2016-02,gsi015,12,12,37.34099125848352
495,M,2015-02,gsi015,77,4,62.1510829962276
487,M,2015-02,gsi015,92,2,62.57671514106808
401,F,2017-02,ggi017,2,40,0.125
401,F,2017-02,ggi005,0,38,0.19
374,F,2012-02,gsi015,77,18,35.51038794538795
374,F,2011-02,gsi005,80,2,57.25812800476755
399,M,2017-02,ggi017,0,44,1.0916666666666666
373,F,2012-02,gsi015,5,28,6.69595238095238
373,F,2015-02,gsi015,54,4,62.1510829962276
373,F,2011-02,gsi005,60,10,44.57619267866636
455,F,2016-02,ggi017,84,6,43.141666666666666
36,M,2011-01,gsi014,83,0,57.604094058676104
37,M,2011-01,gsi014,60,2,48.44569985569986
325,M,2011-02,gsi014,46,4,57.95214743589744
325,M,2012-02,gsi015,18,18,35.51038794538795
325,M,2013-02,gsi015,0,42,0.0
438,M,2017-02,ggi005,61,4,33.575
362,M,2012-02,gsi015,25,4,62.1510829962276
362,M,2013-01,gsi015,67,7,76.10833333333332
43,M,2011-01,gsi014,37,4,57.95214743589744
444,M,2017-02,ggi005,42,6,25.09285714285714
327,F,2011-02,gsi014,37,16,42.56838383838384
428,M,2017-02,ggi005,11,24,7.340000000000001
506,M,2015-02,gsi015,64,4,62.1510829962276
472,M,2015-02,gsi015,71,6,55.489641517263635
481,M,2015-02,gsi015,77,4,62.1510829962276
44,M,2011-01,gsi014,39,6,44.032448107448104
445,M,2017-02,ggi005,62,6,25.09285714285714
422,M,2017-02,ggi005,7,20,6.7
439,M,2017-02,ggi005,1,24,7.340000000000001
423,M,2017-02,ggi005,7,8,23.52285714285714
413,F,2017-02,ggi017,0,39,3.165
628,F,2011-02,gsi005,60,10,44.57619267866636
628,F,2014-01,gsi015,13,30,10.383095238095239
628,F,2015-01,gsi015,0,60,0.0
628,F,2013-02,gsi015,0,28,6.69595238095238
570,M,2013-02,gsi005,27,4,50.207818850067724
570,M,2011-02,gsi005,33,12,41.44494755244756
570,M,2014-02,gsi015,0,38,0.0
630,M,2011-02,gsi005,60,2,57.25812800476755
630,M,2014-01,gsi015,60,6,55.489641517263635
630,M,2013-01,gsi015,25,6,55.489641517263635
630,M,2013-02,gsi015,36,8,52.25605223080223
572,M,2013-02,gsi005,10,32,8.266666666666667
572,M,2011-02,gsi005,24,14,21.086904761904762
28,M,2011-01,gsi014,35,0,57.604094058676104
28,M,2011-02,gsi014,64,4,57.95214743589744
30,M,2011-01,gsi014,47,2,48.44569985569986
30,M,2011-02,gsi014,88,4,57.95214743589744
84,M,2016-02,gsi015,35,14,31.787576606400137
84,M,2012-02,gsi015,10,16,26.61737151737152
84,M,2013-01,gsi015,10,44,7.0
626,M,2011-02,gsi005,60,18,26.89428571428571
626,M,2013-02,gsi015,60,14,31.787576606400137
322,M,2011-02,gsi014,22,6,44.032448107448104
322,M,2012-02,gsi015,0,72,0.0
322,M,2013-02,gsi015,2,24,10.945833333333335
477,F,2015-02,gsi015,82,0,71.19967706313294
485,M,2015-02,gsi015,78,0,71.19967706313294
511,M,2015-02,gsi015,78,0,71.19967706313294
469,M,2015-02,gsi015,65,2,62.57671514106808
119,M,2016-02,gsi015,0,30,10.383095238095239
119,M,2015-02,gsi015,21,20,29.4
470,M,2015-02,gsi015,70,18,35.51038794538795
32,M,2011-01,gsi014,44,0,57.604094058676104
418,F,2017-02,ggi005,15,6,25.09285714285714
434,F,2017-02,ggi005,65,4,33.575
33,M,2011-01,gsi014,71,6,44.032448107448104
35,M,2011-01,gsi014,60,0,57.604094058676104
354,F,2012-02,gsi015,53,4,62.1510829962276
354,F,2011-02,gsi005,60,0,49.49473075488123
354,F,2013-01,gsi015,60,2,62.57671514106808
631,M,2011-02,gsi005,22,26,10.266666666666666
357,M,2012-02,gsi015,0,48,0.0
357,M,2011-02,gsi005,100,2,57.25812800476755
357,M,2013-01,gsi015,0,72,0.0
866,M,2009-01,gem03,60,0,61.89409798534799
355,M,2012-02,gsi015,95,6,55.489641517263635
355,M,2015-02,gsi037,81,2,80.03333333333333
355,M,2011-02,gsi005,60,8,42.483148010400335
403,M,2017-02,ggi017,16,10,81.46666666666667
629,M,2011-02,gsi005,70,2,57.25812800476755
629,M,2013-01,gsi015,72,14,31.787576606400137
813,M,2015-01,gsi015,21,16,26.61737151737152
813,M,2013-01,gsi005,60,0,49.49473075488123
854,M,2013-01,gsi015,60,12,37.34099125848352
649,M,2011-02,gsi005,60,6,41.04712933995829
62,M,2011-01,gsi014,61,0,57.604094058676104
335,M,2011-02,gsi014,44,6,44.032448107448104
394,M,2012-02,gsi015,91,0,71.19967706313294
394,M,2011-02,gsi005,60,0,49.49473075488123
336,M,2011-02,gsi014,53,16,42.56838383838384
646,F,2011-02,gsi005,63,4,50.207818850067724
786,M,2014-01,gsi015,14,16,26.61737151737152
786,M,2013-01,gsi005,60,0,49.49473075488123
63,M,2011-01,gsi014,30,2,48.44569985569986
63,M,2011-02,gsi014,60,4,57.95214743589744
645,M,2011-02,gsi005,60,12,41.44494755244756
645,M,2013-01,gsi015,71,14,31.787576606400137
801,M,2014-01,gsi015,0,14,31.787576606400137
801,M,2013-01,gsi005,35,22,21.953333333333333
338,F,2011-02,gsi014,72,14,52.84895104895105
647,F,2011-02,gsi005,41,0,49.49473075488123
647,F,2014-01,gsi015,67,4,62.1510829962276
647,F,2013-01,gsi015,3,36,7.55
647,F,2013-02,gsi015,4,12,37.34099125848352
67,F,2011-01,gsi014,21,6,44.032448107448104
67,F,2011-02,gsi014,52,8,55.38188672438673
395,M,2012-02,gsi015,50,4,62.1510829962276
395,M,2011-02,gsi005,60,4,50.207818850067724
395,M,2013-01,gsi015,61,8,52.25605223080223
782,M,2014-01,gsi015,68,12,37.34099125848352
782,M,2013-01,gsi005,69,6,41.04712933995829
392,M,2012-02,gsi015,63,4,62.1510829962276
392,M,2011-02,gsi005,66,4,50.207818850067724
393,M,2012-02,gsi015,34,8,52.25605223080223
393,M,2011-02,gsi005,60,4,50.207818850067724
393,M,2013-02,gsi015,60,2,62.57671514106808
893,M,2009-02,gem03,43,14,59.89818181818182
523,M,2015-02,gsi037,50,12,78.60944444444445
68,M,2011-01,gsi014,46,8,55.38188672438673
68,M,2011-02,gsi014,65,18,56.666666666666664
798,M,2014-01,gsi015,96,4,62.1510829962276
798,M,2013-01,gsi005,93,2,57.25812800476755
701,F,2014-02,gsi015,8,16,26.61737151737152
701,F,2015-01,gsi015,74,6,55.489641517263635
701,F,2013-01,gsi005,60,4,50.207818850067724
842,M,2013-01,gsi005,44,8,42.483148010400335
47,M,2011-01,gsi014,74,8,55.38188672438673
490,M,2015-02,gsi015,93,12,37.34099125848352
490,M,2013-01,gsi005,60,0,49.49473075488123
50,M,2011-01,gsi014,72,12,46.29261904761905
803,M,2014-01,gsi015,88,6,55.489641517263635
803,M,2013-01,gsi005,76,2,57.25812800476755
714,F,2014-02,facom49010,20,30,10.275
54,M,2011-01,gsi014,63,2,48.44569985569986
54,M,2015-02,gsi037,87,6,79.45
55,M,2011-01,gsi014,60,0,57.604094058676104
841,M,2013-01,gsi005,23,34,7.168333333333334
809,M,2015-01,gsi015,75,8,52.25605223080223
809,M,2013-01,gsi005,61,0,49.49473075488123
1016,F,2013-02,gsi015,27,12,37.34099125848352
332,M,2011-02,gsi014,70,14,52.84895104895105
410,M,2017-02,ggi017,1,38,0.32333333333333336
381,M,2012-02,gsi015,5,20,29.4
381,M,2013-01,gsi015,12,14,31.787576606400137
839,M,2013-01,gsi005,0,58,0.0
397,M,2012-02,gsi015,61,10,43.55887315883291
397,M,2011-02,gsi005,63,4,50.207818850067724
516,M,2015-02,gsi037,79,1,79.1
555,F,2015-01,gfm015,34,14,33.0
475,M,2015-02,gsi015,42,2,62.57671514106808
559,F,2015-01,gfm015,41,12,26.63840909090909
554,F,2015-01,gfm015,7,31,8.8
58,M,2011-01,gsi014,33,4,57.95214743589744
58,M,2011-02,gsi014,76,4,57.95214743589744
59,M,2011-01,gsi014,62,4,57.95214743589744
823,M,2013-01,gsi005,30,18,26.89428571428571
347,M,2011-02,gsi014,60,16,42.56838383838384
380,M,2012-02,gsi015,34,6,55.489641517263635
380,M,2011-02,gsi005,60,0,49.49473075488123
380,M,2013-01,gsi015,78,6,55.489641517263635
79,M,2011-01,gsi014,69,7,63.76011904761905
379,M,2012-02,gsi015,31,10,43.55887315883291
379,M,2011-02,gsi005,60,0,49.49473075488123
379,M,2013-02,gsi015,3,4,62.1510829962276
467,M,2016-02,ggi017,0,38,0.32333333333333336
348,M,2011-02,gsi014,42,10,63.080396825396825
348,M,2015-02,gsi037,81,12,78.60944444444445
382,M,2012-02,gsi015,46,0,71.19967706313294
382,M,2011-02,gsi005,64,0,49.49473075488123
382,M,2014-01,gsi015,0,56,0.0
40,M,2011-01,gsi014,30,0,57.604094058676104
40,M,2011-02,gsi014,60,4,57.95214743589744
377,M,2012-02,gsi015,100,4,62.1510829962276
377,M,2011-02,gsi005,64,6,41.04712933995829
457,M,2016-02,ggi017,60,8,56.75
376,M,2012-02,gsi015,35,6,55.489641517263635
376,M,2011-02,gsi005,60,0,49.49473075488123
376,M,2013-01,gsi015,60,12,37.34099125848352
349,M,2011-02,gsi014,46,8,55.38188672438673
349,M,2012-02,gsi015,28,16,26.61737151737152
188,M,2009-01,inf63,66,4,58.49403950229764
378,M,2012-02,gsi015,24,14,31.787576606400137
378,M,2015-02,gsi015,72,4,62.1510829962276
378,M,2011-02,gsi005,49,4,50.207818850067724
378,M,2013-02,gsi015,16,4,62.1510829962276
375,M,2012-02,gsi015,60,2,62.57671514106808
375,M,2015-02,gsi037,81,2,80.03333333333333
375,M,2011-02,gsi005,60,0,49.49473075488123
77,M,2011-01,gsi014,60,10,63.080396825396825
109,M,2016-02,gsi015,11,6,55.489641517263635
548,F,2015-01,gfm015,21,16,29.27777777777778
383,M,2012-02,gsi015,76,2,62.57671514106808
383,M,2011-02,gsi005,73,10,44.57619267866636
342,M,2011-02,gsi014,74,4,57.95214743589744
70,M,2011-01,gsi014,62,4,57.95214743589744
390,M,2012-02,gsi015,35,4,62.1510829962276
390,M,2011-02,gsi005,51,4,50.207818850067724
72,M,2011-01,gsi014,63,3,54.71428571428572
391,M,2012-02,gsi015,19,6,55.489641517263635
391,M,2011-02,gsi005,60,4,50.207818850067724
73,M,2011-01,gsi014,34,8,55.38188672438673
451,M,2016-02,ggi017,3,22,7.8
643,M,2011-02,gsi005,60,0,49.49473075488123
74,M,2011-01,gsi014,52,0,57.604094058676104
385,M,2012-02,gsi015,88,4,62.1510829962276
385,M,2015-02,gsi037,77,14,67.68071428571429
385,M,2011-02,gsi005,60,8,42.483148010400335
642,F,2011-02,gsi005,49,4,50.207818850067724
642,F,2013-01,gsi015,67,8,52.25605223080223
76,M,2011-01,gsi014,36,26,22.785000000000004
388,M,2012-02,gsi015,31,4,62.1510829962276
388,M,2011-02,gsi005,60,2,57.25812800476755
386,M,2012-02,gsi015,16,12,37.34099125848352
386,M,2015-02,gsi015,66,6,55.489641517263635
386,M,2011-02,gsi005,60,6,41.04712933995829
386,M,2013-02,gsi015,8,12,37.34099125848352
122,M,2016-02,gsi015,60,2,62.57671514106808
384,M,2012-02,gsi015,60,10,43.55887315883291
384,M,2011-02,gsi005,34,18,26.89428571428571
525,M,2015-02,gsi037,86,10,82.05
341,M,2011-02,gsi014,38,16,42.56838383838384
69,M,2011-01,gsi014,34,12,46.29261904761905
88,M,2016-02,gsi015,39,0,71.19967706313294
190,F,2009-01,inf63,63,12,47.696666666666665
19,M,2009-01,gem03,61,6,60.59214285714286
10,M,2009-01,gem03,40,18,45.749761904761904
10,M,2009-02,gem03,77,9,62.0
13,M,2009-01,gem03,35,21,18.401666666666664
13,M,2009-02,gem03,64,17,64.9
883,F,2009-01,gem03,3,6,60.59214285714286
879,M,2009-01,gem03,61,5,45.42595238095238
521,M,2015-02,gsi037,0,60,0.0
1013,M,2013-02,gsi015,0,32,7.546428571428573
887,M,2009-01,gem03,60,3,61.34290154290155
727,M,2014-02,facom49010,70,18,59.5
873,M,2009-01,gem03,9,35,23.5
873,M,2009-02,gem03,8,39,23.475
2,M,2009-01,gem03,45,15,59.76818181818182
2,M,2009-02,gem03,71,16,70.5
97,M,2016-02,gsi015,40,12,37.34099125848352
97,M,2013-01,gsi015,0,34,3.5
78,M,2011-01,gsi014,12,4,57.95214743589744
125,M,2016-02,gsi015,16,24,10.945833333333335
911,M,2009-02,gem03,66,14,59.89818181818182
192,M,2009-01,inf63,0,62,0.0
1017,M,2013-02,gsi015,42,4,62.1510829962276
512,M,2015-02,gsi037,0,56,0.0
163,M,2009-01,inf63,4,2,46.289759679940985
163,M,2009-02,inf63,79,0,54.533639119402004
169,M,2009-01,inf63,40,2,46.289759679940985
169,M,2009-02,inf63,88,6,46.987997835497836
142,M,2009-01,inf63,60,0,54.533639119402004
151,M,2009-01,inf63,7,20,19.866666666666667
151,M,2009-02,inf63,53,4,58.49403950229764
130,M,2009-01,inf63,63,0,54.533639119402004
136,M,2009-01,inf63,68,4,58.49403950229764
132,M,2009-01,inf63,67,4,58.49403950229764
129,M,2009-01,inf63,40,18,32.63722222222223
129,M,2009-02,inf63,16,18,32.63722222222223
150,M,2009-01,inf63,17,4,58.49403950229764
150,M,2009-02,inf63,60,4,58.49403950229764
22,M,2009-01,gem03,51,0,61.89409798534799
22,M,2009-02,gem03,60,15,59.76818181818182
700,M,2014-02,gsi015,60,8,52.25605223080223
194,M,2009-01,inf63,60,16,38.49611111111111
534,F,2015-02,gsi037,72,8,82.26857142857143
531,M,2015-02,gsi037,17,32,19.46
711,F,2014-02,facom49010,51,6,58.17121212121212
331,F,2011-02,gsi014,85,16,42.56838383838384
331,F,2012-02,gsi015,60,16,26.61737151737152
592,M,2013-02,gsi005,10,16,23.636889499389504
333,M,2011-02,gsi014,46,4,57.95214743589744
333,M,2012-02,gsi015,8,14,31.787576606400137
333,M,2014-01,gsi015,61,12,37.34099125848352
780,F,2014-01,gsi015,7,26,18.45
337,F,2011-02,gsi014,80,8,55.38188672438673
623,M,2013-02,gsi005,60,4,50.207818850067724
623,M,2014-02,gsi015,60,8,52.25605223080223
334,M,2011-02,gsi014,84,0,57.604094058676104
604,M,2013-02,gsi005,15,0,49.49473075488123
606,M,2013-02,gsi005,0,30,7.593333333333334
610,M,2013-02,gsi005,5,36,6.508333333333335
599,M,2013-02,gsi005,6,10,44.57619267866636
599,M,2015-01,gsi015,0,44,7.0
571,M,2013-02,gsi005,36,0,49.49473075488123
571,M,2014-02,gsi015,15,4,62.1510829962276
571,M,2015-01,gsi015,50,4,62.1510829962276
343,M,2011-02,gsi014,60,2,48.44569985569986
344,M,2011-02,gsi014,60,12,46.29261904761905
608,M,2013-02,gsi005,1,12,41.44494755244756
788,M,2014-01,gsi015,16,14,31.787576606400137
788,M,2013-02,gsi015,3,14,31.787576606400137
340,M,2011-02,gsi014,74,6,44.032448107448104
497,F,2015-02,gsi015,8,16,26.61737151737152
577,M,2013-02,gsi005,68,0,49.49473075488123
577,M,2014-02,gsi015,77,8,52.25605223080223
171,F,2009-01,inf63,9,30,3.075
171,F,2009-02,inf63,0,54,0.0
600,M,2013-02,gsi005,68,2,57.25812800476755
600,M,2014-02,gsi015,1,20,29.4
622,M,2013-02,gsi005,28,7,45.02212933995828
587,F,2013-02,gsi005,27,0,49.49473075488123
587,F,2015-01,gsi015,35,8,52.25605223080223
346,M,2011-02,gsi014,79,10,63.080396825396825
853,M,2013-01,gsi015,81,10,43.55887315883291
317,M,2010-02,inf63,85,0,54.533639119402004
855,M,2013-01,gsi015,60,16,26.61737151737152
389,F,2012-02,gsi015,0,58,0.0
804,M,2014-01,gsi015,61,14,31.787576606400137
804,M,2013-01,gsi015,31,24,10.945833333333335
804,M,2013-02,gsi015,24,30,10.383095238095239
939,M,2009-02,gem03,29,0,61.89409798534799
345,M,2011-02,gsi014,29,24,13.16
345,M,2012-02,gsi015,76,18,35.51038794538795
522,M,2015-02,gsi037,81,14,67.68071428571429
860,M,2013-01,gsi015,0,52,0.0
648,M,2011-02,gsi005,37,6,41.04712933995829
810,M,2015-01,gsi015,35,8,52.25605223080223
550,M,2015-01,gfm015,98,4,72.55888888888889
849,M,2013-01,gsi015,76,8,52.25605223080223
530,F,2015-02,gsi037,82,12,78.60944444444445
530,F,2013-01,gsi015,88,7,76.10833333333332
852,M,2013-01,gsi015,80,10,43.55887315883291
847,M,2013-01,gsi015,85,4,62.1510829962276
605,M,2013-02,gsi005,0,18,26.89428571428571
605,M,2014-02,gsi015,13,22,15.231468253968256
624,M,2013-02,gsi005,0,34,7.168333333333334
598,M,2013-02,gsi005,3,14,21.086904761904762
698,M,2014-02,gsi015,22,16,26.61737151737152
698,M,2015-01,gsi015,0,62,0.0
607,M,2013-02,gsi005,17,20,9.746666666666666
588,M,2013-02,gsi005,82,2,57.25812800476755
588,M,2014-02,gsi015,63,10,43.55887315883291
594,M,2013-02,gsi005,11,0,49.49473075488123
621,M,2013-02,gsi005,0,34,7.168333333333334
164,M,2009-01,inf63,60,2,46.289759679940985
619,M,2013-02,gsi005,2,16,23.636889499389504
574,M,2013-02,gsi005,19,2,57.25812800476755
876,M,2009-01,gem03,78,0,61.89409798534799
134,M,2009-01,inf63,5,6,46.987997835497836
134,M,2009-02,inf63,13,14,17.768055555555556
783,F,2014-01,gsi015,60,10,43.55887315883291
783,F,2013-01,gsi015,4,18,35.51038794538795
783,F,2013-02,gsi015,3,6,55.489641517263635
16,M,2009-01,gem03,36,7,61.464999999999996
16,M,2009-02,gem03,65,18,45.749761904761904
483,M,2015-02,gsi015,0,42,0.0
547,F,2015-01,gfm015,12,12,26.63840909090909
568,F,2015-01,gfm015,18,10,41.29728070175439
561,M,2015-01,gfm015,85,2,79.6086956521739
110,F,2016-02,gsi015,9,10,43.55887315883291
533,M,2015-02,gsi037,73,9,74.85
560,F,2015-01,gfm015,85,2,79.6086956521739
565,F,2015-01,gfm015,56,4,72.55888888888889
881,M,2009-01,gem03,10,19,45.749761904761904
544,M,2015-01,gfm015,19,6,47.12
549,M,2015-01,gfm015,22,8,33.891666666666666
15,M,2009-01,gem03,0,57,1.325
551,M,2015-01,gfm015,97,0,69.0439393939394
82,F,2016-02,gsi015,60,4,62.1510829962276
541,F,2015-01,gfm015,50,8,33.891666666666666
260,M,2010-02,inf63,60,16,38.49611111111111
260,M,2010-01,inf63,23,8,38.80537851037851
569,F,2015-01,gfm015,31,12,26.63840909090909
564,M,2015-01,gfm015,12,20,14.1
553,F,2015-01,gfm015,19,8,33.891666666666666
556,F,2015-01,gfm015,15,8,33.891666666666666
567,M,2015-01,gfm015,68,18,31.246666666666663
545,F,2015-01,gfm015,14,8,33.891666666666666
552,M,2015-01,gfm015,20,12,26.63840909090909
93,M,2016-02,gsi015,60,0,71.19967706313294
115,M,2016-02,gsi015,60,2,62.57671514106808
563,M,2015-01,gfm015,50,0,69.0439393939394
91,M,2016-02,gsi015,0,28,6.69595238095238
464,M,2016-02,ggi017,11,24,6.7333333333333325
158,M,2009-01,inf63,51,0,54.533639119402004
158,M,2009-02,inf63,83,10,45.76975354710649
166,M,2009-01,inf63,39,10,45.76975354710649
166,M,2009-02,inf63,18,15,17.2375
167,M,2009-01,inf63,15,0,54.533639119402004
167,M,2009-02,inf63,67,2,46.289759679940985
1015,M,2013-02,gsi015,2,18,35.51038794538795
270,M,2010-02,inf63,84,10,45.76975354710649
460,M,2016-02,ggi017,7,30,2.0
21,M,2009-01,gem03,0,33,7.108333333333334
21,M,2009-02,gem03,13,22,12.5
4,M,2009-01,gem03,45,2,71.26505772005773
4,M,2009-02,gem03,60,11,48.059682539682534
930,M,2009-02,gem03,8,21,18.401666666666664
846,M,2013-01,gsi015,34,4,62.1510829962276
846,M,2013-02,gsi015,60,10,43.55887315883291
615,M,2013-02,gsi005,0,58,0.0
848,M,2013-01,gsi015,60,18,35.51038794538795
189,M,2009-01,inf63,0,54,0.0
189,M,2010-02,inf63,67,16,38.49611111111111
189,M,2010-01,inf63,0,42,2.2
562,F,2015-01,gfm015,50,8,33.891666666666666
453,F,2016-02,ggi017,60,5,47.725
543,M,2015-01,gfm015,0,54,0.0
546,F,2015-01,gfm015,21,8,33.891666666666666
175,F,2009-01,inf63,38,2,46.289759679940985
175,F,2009-02,inf63,67,4,58.49403950229764
191,M,2009-01,inf63,54,11,43.25454545454546
191,M,2009-02,inf63,60,4,58.49403950229764
203,M,2009-01,inf63,6,10,45.76975354710649
203,M,2009-02,inf63,0,54,0.0
179,M,2009-01,inf63,46,46,27.2
179,M,2009-02,inf63,60,18,32.63722222222223
850,M,2013-01,gsi015,87,10,43.55887315883291
211,M,2009-01,inf63,32,26,24.85
211,M,2010-01,inf63,2,29,15.6
211,M,2009-02,inf63,1,52,0.5
580,M,2013-02,gsi005,0,40,0.0
580,M,2014-02,gsi015,0,28,6.69595238095238
589,M,2013-02,gsi005,0,43,0.0
781,M,2014-01,gsi015,49,20,29.4
435,M,2017-02,ggi005,46,16,21.05
479,M,2015-02,gsi015,75,2,62.57671514106808
479,M,2013-02,gsi005,41,2,57.25812800476755
209,F,2009-01,inf63,60,6,46.987997835497836
576,M,2013-02,gsi005,60,2,57.25812800476755
576,M,2015-01,gsi015,24,10,43.55887315883291
581,M,2013-02,gsi005,15,13,16.565714285714286
581,M,2013-02,gsi015,0,8,52.25605223080223
617,M,2013-02,gsi005,0,30,7.593333333333334
1010,F,2013-02,gsi015,2,8,52.25605223080223
524,M,2015-02,gsi037,78,0,78.49166666666667
524,M,2013-02,gsi015,77,6,55.489641517263635
590,M,2013-02,gsi005,6,4,50.207818850067724
406,M,2017-02,ggi017,0,34,1.285
593,F,2013-02,gsi005,0,8,42.483148010400335
1011,M,2013-02,gsi015,12,2,62.57671514106808
526,M,2015-02,gsi037,78,16,75.27000000000001
526,M,2013-01,gsi015,84,8,52.25605223080223
620,M,2013-02,gsi005,1,6,41.04712933995829
695,F,2014-02,gsi015,0,34,3.5
695,F,2014-01,gsi015,0,56,0.0
515,F,2015-02,gsi037,79,10,82.05
515,F,2013-01,gsi015,87,6,55.489641517263635
575,M,2013-02,gsi005,35,4,50.207818850067724
575,M,2014-01,gsi015,0,8,52.25605223080223
779,F,2014-01,gsi015,91,2,62.57671514106808
201,M,2009-01,inf63,12,50,10.3
201,M,2009-02,inf63,60,18,32.63722222222223
529,M,2015-02,gsi037,4,28,26.8
529,M,2013-02,gsi005,1,10,44.57619267866636
482,M,2015-02,gsi015,0,48,0.0
482,M,2013-02,gsi005,0,44,2.6
861,M,2009-01,gem03,1,27,19.916666666666664
861,M,2009-02,gem03,2,32,1.175
917,M,2009-02,gem03,60,23,11.833333333333334
790,F,2014-01,gsi015,74,10,43.55887315883291
856,M,2013-01,gsi015,79,8,52.25605223080223
858,M,2013-01,gsi015,64,16,26.61737151737152
197,F,2009-01,inf63,13,8,38.80537851037851
197,F,2009-02,inf63,60,8,38.80537851037851
124,M,2016-02,gsi015,60,6,55.489641517263635
124,M,2013-02,gsi005,24,2,57.25812800476755
465,F,2016-02,ggi017,66,1,67.78333333333333
625,M,2013-02,gsi005,0,56,0.0
118,M,2016-02,gsi015,9,15,13.793333333333333
118,M,2013-02,gsi005,0,22,21.953333333333333
184,M,2009-01,inf63,29,18,32.63722222222223
184,M,2010-02,inf63,70,4,58.49403950229764
184,M,2010-01,inf63,47,28,18.8
184,M,2009-02,inf63,59,38,20.454761904761902
602,M,2013-02,gsi005,0,8,42.483148010400335
430,M,2017-02,ggi005,45,8,23.52285714285714
540,M,2015-02,gsi037,84,12,78.60944444444445
540,M,2013-01,gsi015,79,6,55.489641517263635
601,F,2013-02,gsi005,2,4,50.207818850067724
112,M,2016-02,gsi015,0,36,7.55
112,M,2013-02,gsi005,2,30,7.593333333333334
706,M,2014-02,gsi015,0,38,0.0
706,M,2014-01,gsi015,1,16,26.61737151737152
583,M,2013-02,gsi005,60,8,42.483148010400335
408,M,2017-02,ggi017,66,4,65.50909090909092
408,M,2016-02,ggi017,2,18,23.133333333333333
597,M,2013-02,gsi005,1,20,9.746666666666666
597,M,2014-01,gsi015,0,14,31.787576606400137
95,M,2016-02,gsi015,60,12,37.34099125848352
95,M,2015-02,gsi037,74,18,75.27000000000001
95,M,2013-02,gsi015,3,10,43.55887315883291
612,M,2013-02,gsi005,5,18,26.89428571428571
612,M,2015-01,gsi015,0,42,0.0
493,M,2015-02,gsi015,15,8,52.25605223080223
493,M,2015-01,gsi015,2,16,26.61737151737152
578,M,2013-02,gsi005,3,16,23.636889499389504
1018,M,2013-02,gsi015,22,10,43.55887315883291
579,M,2013-02,gsi005,60,0,49.49473075488123
573,M,2013-02,gsi005,1,20,9.746666666666666
799,M,2014-01,gsi015,60,2,62.57671514106808
415,M,2017-02,ggi017,53,6,43.141666666666666
596,M,2013-02,gsi005,26,0,49.49473075488123
815,M,2015-01,gsi015,0,34,3.5
611,M,2013-02,gsi005,60,0,49.49473075488123
456,M,2016-02,ggi017,64,2,64.77222222222221
618,M,2013-02,gsi005,42,2,57.25812800476755
585,M,2013-02,gsi005,14,4,50.207818850067724
499,M,2015-02,gsi015,41,8,52.25605223080223
499,M,2014-01,gsi015,2,6,55.489641517263635
499,M,2015-01,gsi015,18,10,43.55887315883291
613,F,2013-02,gsi005,0,50,7.8
398,M,2017-02,ggi017,62,2,64.77222222222221
584,M,2013-02,gsi005,11,0,49.49473075488123
447,M,2017-02,ggi005,1,12,9.433333333333334
582,M,2013-02,gsi005,46,4,50.207818850067724
859,F,2013-01,gsi015,0,52,0.0
160,M,2009-01,inf63,54,14,17.768055555555556
160,M,2009-02,inf63,62,18,32.63722222222223
196,F,2009-01,inf63,31,2,46.289759679940985
196,F,2009-02,inf63,65,4,58.49403950229764
277,M,2010-02,inf63,73,18,32.63722222222223
956,M,2009-02,gem03,70,0,61.89409798534799
154,M,2009-01,inf63,60,4,58.49403950229764
198,M,2009-01,inf63,13,16,38.49611111111111
198,M,2009-02,inf63,0,50,10.3
351,M,2012-02,gsi015,1,24,10.945833333333335
957,M,2009-02,gem03,69,0,61.89409798534799
156,M,2009-01,inf63,61,0,54.533639119402004
634,F,2011-02,gsi005,37,2,57.25812800476755
634,F,2013-02,gsi015,0,42,0.0
955,M,2009-02,gem03,81,3,61.34290154290155
155,F,2009-01,inf63,2,32,2.4
958,M,2009-02,gem03,70,1,70.15696563240681
144,M,2009-01,inf63,7,44,8.8
149,M,2009-01,inf63,53,8,38.80537851037851
149,M,2009-02,inf63,60,12,47.696666666666665
148,M,2009-01,inf63,60,0,54.533639119402004
193,M,2009-01,inf63,0,44,8.8
193,M,2010-02,inf63,13,38,20.454761904761902
193,M,2010-01,inf63,30,39,29.28333333333334
193,M,2009-02,inf63,10,48,14.3
153,M,2009-01,inf63,8,22,5.333333333333333
153,M,2010-02,inf63,60,5,58.72360248447205
153,M,2009-02,inf63,39,10,45.76975354710649
152,M,2009-01,inf63,47,2,46.289759679940985
152,M,2009-02,inf63,99,4,58.49403950229764
195,F,2009-01,inf63,60,6,46.987997835497836
756,F,2014-01,gsi005,7,0,49.49473075488123
185,M,2009-01,inf63,54,4,58.49403950229764
185,M,2009-02,inf63,60,16,38.49611111111111
775,M,2014-01,gsi005,8,0,49.49473075488123
147,M,2009-01,inf63,60,0,54.533639119402004
187,M,2009-01,inf63,53,4,58.49403950229764
187,M,2009-02,inf63,62,2,46.289759679940985
778,M,2014-01,gsi005,35,0,49.49473075488123
146,M,2009-01,inf63,0,64,0.0
186,M,2009-01,inf63,60,2,46.289759679940985
396,M,2012-02,gsi015,60,2,62.57671514106808
496,M,2015-02,gsi015,66,0,71.19967706313294
496,M,2014-01,gsi005,27,0,49.49473075488123
111,F,2016-02,gsi015,11,10,43.55887315883291
744,M,2014-01,gsi005,20,4,50.207818850067724
107,F,2016-02,gsi015,19,26,18.45
107,F,2015-02,gsi037,60,12,78.60944444444445
96,M,2016-02,gsi015,12,22,15.231468253968256
743,M,2014-01,gsi005,41,10,44.57619267866636
768,F,2014-01,gsi005,0,26,10.266666666666666
735,F,2014-01,gsi005,21,2,57.25812800476755
737,F,2014-01,gsi005,24,8,42.483148010400335
745,M,2014-01,gsi005,14,6,41.04712933995829
931,M,2009-02,gem03,74,0,61.89409798534799
932,M,2009-02,gem03,82,0,61.89409798534799
283,M,2010-02,inf63,75,4,58.49403950229764
928,M,2009-02,gem03,54,0,61.89409798534799
145,M,2009-01,inf63,5,2,46.289759679940985
145,M,2009-02,inf63,60,2,46.289759679940985
402,M,2017-02,ggi017,60,12,50.67666666666666
929,M,2009-02,gem03,83,6,60.59214285714286
281,M,2010-02,inf63,83,10,45.76975354710649
281,M,2010-01,inf63,50,6,46.987997835497836
959,F,2009-02,gem03,34,2,71.26505772005773
960,M,2009-02,gem03,63,3,61.34290154290155
140,M,2009-01,inf63,60,0,54.533639119402004
268,M,2010-02,inf63,66,6,46.987997835497836
268,M,2015-02,gsi037,81,12,78.60944444444445
948,M,2009-02,gem03,60,3,61.34290154290155
139,M,2009-01,inf63,35,8,38.80537851037851
139,M,2009-02,inf63,21,11,43.25454545454546
180,M,2009-01,inf63,63,2,46.289759679940985
539,M,2015-02,gsi037,85,8,82.26857142857143
963,M,2009-02,gem03,68,12,55.08944444444444
143,M,2009-01,inf63,61,2,46.289759679940985
182,F,2009-01,inf63,60,12,47.696666666666665
284,M,2010-02,inf63,60,4,58.49403950229764
284,M,2010-01,inf63,34,0,54.533639119402004
141,M,2009-01,inf63,69,4,58.49403950229764
947,M,2009-02,gem03,40,3,61.34290154290155
133,M,2009-01,inf63,61,2,46.289759679940985
174,M,2009-01,inf63,50,2,46.289759679940985
174,M,2009-02,inf63,73,2,46.289759679940985
138,M,2009-01,inf63,1,2,46.289759679940985
138,M,2010-02,inf63,60,12,47.696666666666665
138,M,2010-01,inf63,3,10,45.76975354710649
138,M,2009-02,inf63,39,4,58.49403950229764
177,M,2009-01,inf63,62,4,58.49403950229764
644,M,2011-02,gsi005,13,14,21.086904761904762
137,M,2009-01,inf63,30,2,46.289759679940985
137,M,2009-02,inf63,69,2,46.289759679940985
178,F,2009-01,inf63,31,2,46.289759679940985
178,F,2009-02,inf63,61,4,58.49403950229764
271,M,2010-02,inf63,60,12,47.696666666666665
857,F,2013-01,gsi015,21,12,37.34099125848352
200,M,2009-01,inf63,61,8,38.80537851037851
170,M,2009-01,inf63,67,0,54.533639119402004
750,M,2014-01,gsi005,15,22,21.953333333333333
131,M,2009-01,inf63,55,6,46.987997835497836
131,M,2009-02,inf63,64,0,54.533639119402004
172,F,2009-01,inf63,25,8,38.80537851037851
172,F,2010-01,inf63,19,22,5.333333333333333
172,F,2009-02,inf63,23,14,17.768055555555556
757,F,2014-01,gsi005,7,24,9.586666666666668
751,M,2014-01,gsi005,47,0,49.49473075488123
751,M,2015-01,gsi015,80,8,52.25605223080223
772,M,2014-01,gsi005,8,4,50.207818850067724
770,M,2014-01,gsi005,28,4,50.207818850067724
761,M,2014-01,gsi005,17,22,21.953333333333333
98,M,2016-02,gsi015,57,20,29.4
736,M,2014-01,gsi005,62,2,57.25812800476755
736,M,2015-01,gsi015,94,8,52.25605223080223
814,M,2015-01,gsi015,77,2,62.57671514106808
954,M,2009-02,gem03,75,0,61.89409798534799
967,M,2010-01,inf63,60,4,58.49403950229764
952,M,2009-02,gem03,74,0,61.89409798534799
953,M,2009-02,gem03,54,11,48.059682539682534
128,M,2009-01,inf63,4,4,58.49403950229764
128,M,2009-02,inf63,75,2,46.289759679940985
951,M,2009-02,gem03,52,5,45.42595238095238
24,M,2009-01,gem03,53,0,61.89409798534799
24,M,2009-02,gem03,70,2,71.26505772005773
262,M,2010-02,inf63,60,10,45.76975354710649
262,M,2010-01,inf63,0,16,38.49611111111111
949,M,2009-02,gem03,88,0,61.89409798534799
259,M,2010-02,inf63,23,14,17.768055555555556
259,M,2010-01,inf63,3,6,46.987997835497836
950,M,2009-02,gem03,62,8,60.708333333333336
970,M,2010-01,inf63,67,4,58.49403950229764
542,F,2015-01,gfm015,10,12,26.63840909090909
938,M,2009-02,gem03,60,2,71.26505772005773
969,M,2010-01,inf63,0,30,3.075
537,M,2015-02,gsi037,84,0,78.49166666666667
968,M,2010-01,inf63,2,18,32.63722222222223
257,M,2010-02,inf63,61,10,45.76975354710649
257,M,2010-01,inf63,39,4,58.49403950229764
973,M,2010-01,inf63,60,0,54.533639119402004
261,M,2010-02,inf63,34,16,38.49611111111111
261,M,2010-01,inf63,20,4,58.49403950229764
971,F,2010-01,inf63,62,4,58.49403950229764
513,F,2015-02,gsi037,60,14,67.68071428571429
513,F,2014-01,gsi005,13,16,23.636889499389504
730,M,2014-01,gsi005,0,30,7.593333333333334
519,M,2015-02,gsi037,79,0,78.49166666666667
473,M,2015-02,gsi015,60,0,71.19967706313294
208,M,2009-01,inf63,73,16,38.49611111111111
121,M,2016-02,gsi015,80,7,76.10833333333332
740,M,2014-01,gsi005,35,2,57.25812800476755
101,M,2016-02,gsi015,56,2,62.57671514106808
116,F,2016-02,gsi015,56,6,55.489641517263635
767,M,2014-01,gsi005,6,20,9.746666666666666
747,M,2014-01,gsi005,33,0,49.49473075488123
114,M,2016-02,gsi015,68,2,62.57671514106808
491,F,2015-02,gsi015,60,6,55.489641517263635
491,F,2014-01,gsi005,41,2,57.25812800476755
739,M,2014-01,gsi005,9,16,23.636889499389504
494,M,2015-02,gsi015,50,10,43.55887315883291
494,M,2014-01,gsi005,56,8,42.483148010400335
488,M,2015-02,gsi015,79,0,71.19967706313294
488,M,2014-01,gsi005,55,0,49.49473075488123
945,M,2009-02,gem03,66,4,64.71214285714287
946,M,2009-02,gem03,44,6,60.59214285714286
943,M,2009-02,gem03,83,2,71.26505772005773
944,M,2009-02,gem03,60,0,61.89409798534799
264,M,2010-02,inf63,82,4,58.49403950229764
264,M,2010-01,inf63,44,0,54.533639119402004
263,M,2010-02,inf63,92,4,58.49403950229764
263,M,2010-01,inf63,49,2,46.289759679940985
942,M,2009-02,gem03,46,11,48.059682539682534
940,F,2009-02,gem03,84,1,70.15696563240681
975,M,2010-01,inf63,60,5,58.72360248447205
941,M,2009-02,gem03,82,0,61.89409798534799
18,M,2009-01,gem03,42,0,61.89409798534799
18,M,2009-02,gem03,60,0,61.89409798534799
812,F,2015-01,gsi015,19,14,31.787576606400137
812,F,2013-02,gsi015,20,10,43.55887315883291
980,M,2010-01,inf63,60,4,58.49403950229764
17,F,2009-01,gem03,33,5,45.42595238095238
17,F,2009-02,gem03,60,3,61.34290154290155
528,M,2015-02,gsi037,85,8,82.26857142857143
979,M,2010-01,inf63,60,0,54.533639119402004
372,M,2012-02,gsi015,60,6,55.489641517263635
978,M,2010-01,inf63,60,2,46.289759679940985
591,M,2013-02,gsi005,12,32,8.266666666666667
977,M,2010-01,inf63,0,35,9.922857142857143
5,M,2009-01,gem03,67,0,61.89409798534799
165,M,2009-01,inf63,60,0,54.533639119402004
204,M,2009-01,inf63,65,6,46.987997835497836
1,M,2009-01,gem03,60,18,45.749761904761904
162,M,2009-01,inf63,6,6,46.987997835497836
162,M,2009-02,inf63,86,2,46.289759679940985
205,M,2009-01,inf63,36,20,19.866666666666667
205,M,2009-02,inf63,60,4,58.49403950229764
265,M,2010-02,inf63,72,12,47.696666666666665
14,M,2009-01,gem03,68,0,61.89409798534799
168,M,2009-01,inf63,60,6,46.987997835497836
206,M,2009-01,inf63,32,0,54.533639119402004
206,M,2009-02,inf63,54,0,54.533639119402004
983,M,2010-01,inf63,37,4,58.49403950229764
7,F,2009-01,gem03,47,0,61.89409798534799
7,F,2009-02,gem03,71,7,61.464999999999996
207,M,2009-01,inf63,60,8,38.80537851037851
981,M,2010-01,inf63,35,6,46.987997835497836
157,M,2009-01,inf63,65,0,54.533639119402004
199,M,2009-01,inf63,11,38,20.454761904761902
199,M,2009-02,inf63,61,18,32.63722222222223
763,M,2014-01,gsi005,0,10,44.57619267866636
746,M,2014-01,gsi005,17,10,44.57619267866636
3,M,2009-01,gem03,46,0,61.89409798534799
3,M,2009-02,gem03,70,10,64.44444444444444
774,F,2014-01,gsi005,15,10,44.57619267866636
159,M,2009-01,inf63,12,12,47.696666666666665
202,F,2009-01,inf63,60,18,32.63722222222223
754,M,2014-01,gsi005,1,16,23.636889499389504
878,M,2009-01,gem03,61,0,61.89409798534799
120,F,2016-02,gsi015,51,8,52.25605223080223
83,M,2016-02,gsi015,6,26,18.45
99,M,2016-02,gsi015,0,30,10.383095238095239
749,M,2014-01,gsi005,76,2,57.25812800476755
749,M,2015-01,gsi015,90,6,55.489641517263635
748,M,2014-01,gsi005,9,0,49.49473075488123
86,F,2016-02,gsi015,4,18,35.51038794538795
86,F,2014-01,gsi005,23,6,41.04712933995829
176,F,2009-01,inf63,0,66,0.0
176,F,2010-02,inf63,0,72,0.0
176,F,2010-01,inf63,3,36,10.522857142857143
176,F,2009-02,inf63,0,58,0.0
89,M,2016-02,gsi015,25,4,62.1510829962276
734,M,2014-01,gsi005,7,4,50.207818850067724
769,M,2014-01,gsi005,20,4,50.207818850067724
762,F,2014-01,gsi005,60,0,49.49473075488123
762,F,2015-01,gsi015,75,6,55.489641517263635
273,M,2010-02,inf63,65,10,45.76975354710649
641,M,2011-02,gsi005,23,20,9.746666666666666
884,F,2009-01,gem03,60,0,61.89409798534799
267,F,2010-02,inf63,70,7,58.7472619047619
306,M,2010-02,inf63,78,4,58.49403950229764
306,M,2010-01,gsi014,41,12,46.29261904761905
66,M,2011-01,gsi014,8,12,46.29261904761905
66,M,2010-02,inf63,46,2,46.289759679940985
683,F,2012-02,gsi005,60,4,50.207818850067724
71,M,2011-01,gsi014,0,40,3.87
71,M,2011-02,gsi014,16,32,4.941666666666667
655,F,2012-02,gsi005,24,4,50.207818850067724
655,F,2014-02,gsi015,0,38,0.0
655,F,2014-01,gsi015,0,16,26.61737151737152
1002,F,2010-01,gsi014,60,0,57.604094058676104
64,M,2011-01,gsi014,21,12,46.29261904761905
64,M,2010-02,inf63,10,8,38.80537851037851
863,M,2009-01,gem03,86,2,71.26505772005773
1004,M,2010-01,gsi014,68,0,57.604094058676104
862,M,2009-01,gem03,81,0,61.89409798534799
1003,M,2010-01,gsi014,60,0,57.604094058676104
407,M,2017-02,ggi017,72,2,64.77222222222221
407,M,2016-02,ggi017,40,8,56.75
60,F,2011-01,gsi014,24,10,63.080396825396825
60,F,2010-02,inf63,48,4,58.49403950229764
771,M,2014-01,gsi005,0,28,0.0
658,M,2012-02,gsi005,26,8,42.483148010400335
658,M,2013-01,gsi005,40,16,23.636889499389504
671,M,2012-02,gsi005,61,4,50.207818850067724
671,M,2014-01,gsi015,76,6,55.489641517263635
671,M,2013-02,gsi015,3,15,13.793333333333333
670,F,2012-02,gsi005,5,24,9.586666666666668
691,M,2012-02,gsi005,14,12,41.44494755244756
691,M,2014-01,gsi005,0,38,0.5
656,F,2012-02,gsi005,60,8,42.483148010400335
651,M,2012-02,gsi005,60,4,50.207818850067724
651,M,2014-01,gsi015,4,6,55.489641517263635
301,F,2010-02,inf63,67,2,46.289759679940985
301,F,2010-01,gsi014,41,6,44.032448107448104
1001,M,2010-01,gsi014,79,0,57.604094058676104
57,M,2011-01,gsi014,45,12,46.29261904761905
57,M,2010-02,inf63,16,16,38.49611111111111
57,M,2010-01,gsi014,1,26,22.785000000000004
688,M,2012-02,gsi005,0,72,1.8
302,M,2010-02,inf63,15,8,38.80537851037851
998,F,2010-01,gsi014,83,4,57.95214743589744
997,F,2010-01,gsi014,60,0,57.604094058676104
1000,M,2010-01,gsi014,60,6,44.032448107448104
181,M,2009-01,inf63,0,60,0.0
181,M,2010-01,inf63,0,38,20.454761904761902
181,M,2009-02,inf63,10,46,27.2
999,F,2010-01,gsi014,39,6,44.032448107448104
503,F,2015-02,gsi015,0,22,15.231468253968256
503,F,2014-01,gsi005,0,10,44.57619267866636
996,F,2010-01,gsi014,60,8,55.38188672438673
995,M,2010-01,gsi014,65,4,57.95214743589744
760,M,2014-01,gsi005,13,20,9.746666666666666
650,M,2012-02,gsi005,60,2,57.25812800476755
650,M,2014-01,gsi015,70,4,62.1510829962276
777,M,2014-01,gsi005,0,24,9.586666666666668
758,F,2014-01,gsi005,73,4,50.207818850067724
773,M,2014-01,gsi005,30,12,41.44494755244756
663,M,2012-02,gsi005,70,0,49.49473075488123
663,M,2014-01,gsi015,72,8,52.25605223080223
663,M,2013-02,gsi015,29,4,62.1510829962276
689,M,2012-02,gsi005,87,8,42.483148010400335
689,M,2013-02,gsi015,85,16,26.61737151737152
687,M,2012-02,gsi005,25,22,21.953333333333333
677,M,2012-02,gsi005,60,8,42.483148010400335
353,M,2012-02,gsi015,48,4,62.1510829962276
353,M,2013-01,gsi015,60,8,52.25605223080223
654,M,2012-02,gsi005,60,8,42.483148010400335
690,F,2012-02,gsi005,60,12,41.44494755244756
690,F,2013-02,gsi015,71,18,35.51038794538795
675,F,2012-02,gsi005,80,6,41.04712933995829
279,M,2010-02,inf63,0,24,11.7
278,M,2010-02,inf63,6,38,20.454761904761902
0,M,2009-01,gem03,42,27,19.916666666666664
0,M,2009-02,gem03,43,34,25.408333333333335
888,M,2009-01,gem03,84,0,61.89409798534799
1007,M,2010-01,gsi014,60,4,57.95214743589744
880,M,2009-01,gem03,80,6,60.59214285714286
877,F,2009-01,gem03,60,0,61.89409798534799
316,M,2010-02,inf63,64,2,46.289759679940985
885,M,2009-01,gem03,65,0,61.89409798534799
882,F,2009-01,gem03,66,3,61.34290154290155
285,M,2010-02,inf63,78,12,47.696666666666665
285,M,2010-01,inf63,30,4,58.49403950229764
684,M,2012-02,gsi005,20,6,41.04712933995829
964,M,2010-01,inf63,2,6,46.987997835497836
674,F,2012-02,gsi005,71,0,49.49473075488123
984,M,2010-01,inf63,1,20,19.866666666666667
387,F,2012-02,gsi015,8,16,26.61737151737152
653,M,2012-02,gsi005,71,0,49.49473075488123
653,M,2014-01,gsi015,0,38,0.0
653,M,2013-02,gsi015,41,8,52.25605223080223
660,M,2012-02,gsi005,32,0,49.49473075488123
660,M,2013-01,gsi005,29,2,57.25812800476755
673,M,2012-02,gsi005,12,10,44.57619267866636
976,M,2010-01,inf63,39,10,45.76975354710649
1006,M,2010-01,gsi014,60,0,57.604094058676104
872,M,2009-01,gem03,23,3,61.34290154290155
871,M,2009-01,gem03,90,0,61.89409798534799
1005,M,2010-01,gsi014,61,4,57.95214743589744
314,F,2010-02,inf63,40,10,45.76975354710649
314,F,2011-02,gsi014,61,8,55.38188672438673
875,M,2009-01,gem03,92,2,71.26505772005773
75,M,2011-01,gsi014,23,12,46.29261904761905
75,M,2010-02,inf63,7,2,46.289759679940985
75,M,2011-02,gsi014,60,4,57.95214743589744
868,M,2009-01,gem03,76,3,61.34290154290155
307,M,2010-02,inf63,60,2,46.289759679940985
307,M,2010-01,gsi014,37,14,52.84895104895105
350,M,2012-02,gsi015,25,8,52.25605223080223
350,M,2015-01,gsi015,0,62,0.0
311,M,2010-02,inf63,60,4,58.49403950229764
870,M,2009-01,gem03,51,0,61.89409798534799
870,M,2009-02,gem03,88,11,48.059682539682534
869,M,2009-01,gem03,71,0,61.89409798534799
864,M,2009-01,gem03,93,6,60.59214285714286
867,M,2009-01,gem03,60,0,61.89409798534799
865,M,2009-01,gem03,77,3,61.34290154290155
681,F,2012-02,gsi005,60,4,50.207818850067724
681,F,2013-02,gsi015,0,14,31.787576606400137
665,M,2012-02,gsi005,60,8,42.483148010400335
662,M,2012-02,gsi005,60,10,44.57619267866636
662,M,2014-01,gsi015,64,8,52.25605223080223
662,M,2013-02,gsi015,40,10,43.55887315883291
686,M,2012-02,gsi005,6,6,41.04712933995829
693,M,2012-02,gsi005,12,8,42.483148010400335
652,M,2012-02,gsi005,11,6,41.04712933995829
652,M,2013-01,gsi005,41,12,41.44494755244756
492,M,2015-02,gsi015,50,18,35.51038794538795
492,M,2014-01,gsi015,0,28,6.69595238095238
484,M,2015-02,gsi015,33,12,37.34099125848352
484,M,2015-02,gsi037,92,8,82.26857142857143
484,M,2012-02,gsi005,22,0,49.49473075488123
484,M,2014-02,gsi015,7,12,37.34099125848352
484,M,2014-01,gsi015,5,8,52.25605223080223
962,M,2009-02,gem03,0,0,61.89409798534799
105,F,2016-02,gsi015,80,0,71.19967706313294
557,F,2015-01,gfm015,4,12,26.63840909090909
480,M,2015-02,gsi015,88,4,62.1510829962276
480,M,2014-02,gsi015,33,8,52.25605223080223
81,M,2016-02,gsi015,47,2,62.57671514106808
294,M,2010-02,inf63,86,0,54.533639119402004
108,M,2016-02,gsi015,61,0,71.19967706313294
100,M,2016-02,gsi015,15,16,26.61737151737152
42,M,2011-01,gsi014,24,6,44.032448107448104
42,M,2010-02,inf63,51,4,58.49403950229764
42,M,2011-02,gsi014,66,18,56.666666666666664
961,M,2009-02,gem03,16,18,45.749761904761904
48,F,2011-01,gsi014,35,8,55.38188672438673
48,F,2010-02,inf63,28,6,46.987997835497836
296,M,2010-02,inf63,41,2,46.289759679940985
295,M,2010-02,inf63,28,4,58.49403950229764
368,M,2012-02,gsi015,20,26,18.45
318,M,2011-02,gsi014,90,0,57.604094058676104
319,F,2011-02,gsi014,63,0,57.604094058676104
26,M,2011-01,gsi014,100,10,63.080396825396825
320,M,2011-02,gsi014,61,0,57.604094058676104
92,F,2016-02,gsi015,60,4,62.1510829962276
449,F,2016-02,ggi017,63,14,51.016666666666666
90,M,2016-02,gsi015,44,6,55.489641517263635
102,M,2016-02,gsi015,60,1,66.92151772247361
27,F,2011-01,gsi014,22,12,46.29261904761905
27,F,2010-02,inf63,28,10,45.76975354710649
27,F,2011-02,gsi014,60,12,46.29261904761905
286,F,2010-02,inf63,38,2,46.289759679940985
39,M,2011-01,gsi014,32,14,52.84895104895105
321,M,2011-02,gsi014,60,2,48.44569985569986
291,M,2010-02,inf63,41,0,54.533639119402004
291,M,2011-02,gsi014,66,6,44.032448107448104
966,F,2010-01,inf63,71,0,54.533639119402004
38,M,2011-01,gsi014,10,14,52.84895104895105
38,M,2011-02,gsi014,11,38,11.195
324,M,2011-02,gsi014,28,12,46.29261904761905
288,M,2010-02,inf63,60,0,54.533639119402004
12,M,2009-01,gem03,35,6,60.59214285714286
12,M,2009-02,gem03,62,9,62.0
323,M,2011-02,gsi014,74,12,46.29261904761905
11,M,2009-01,gem03,17,5,45.42595238095238
11,M,2009-02,gem03,71,4,64.71214285714287
23,M,2009-01,gem03,61,2,71.26505772005773
1008,F,2013-02,gsi015,0,40,0.0
20,M,2009-01,gem03,70,3,61.34290154290155
356,F,2012-02,gsi015,62,10,43.55887315883291
356,F,2011-02,gsi005,60,8,42.483148010400335
359,M,2012-02,gsi015,94,18,35.51038794538795
937,M,2009-02,gem03,5,0,61.89409798534799
6,M,2009-01,gem03,62,0,61.89409798534799
633,M,2011-02,gsi005,31,24,9.586666666666668
9,F,2009-01,gem03,78,2,71.26505772005773
326,M,2011-02,gsi014,33,8,55.38188672438673
8,M,2009-01,gem03,0,31,1.175
753,M,2014-01,gsi005,60,9,56.71754385964912
776,M,2014-01,gsi005,82,2,57.25812800476755
732,M,2014-01,gsi005,60,0,49.49473075488123
732,M,2015-01,gsi015,80,8,52.25605223080223
113,M,2016-02,gsi015,5,18,35.51038794538795
113,M,2014-01,gsi005,45,0,49.49473075488123
764,M,2014-01,gsi005,61,10,44.57619267866636
61,F,2011-01,gsi014,14,38,11.195
61,F,2010-02,inf63,46,0,54.533639119402004
61,F,2011-02,gsi014,91,4,57.95214743589744
305,F,2010-02,inf63,42,6,46.987997835497836
303,M,2010-02,inf63,60,4,58.49403950229764
752,M,2014-01,gsi005,0,32,8.266666666666667
56,M,2011-01,gsi014,18,8,55.38188672438673
56,M,2010-02,inf63,3,18,32.63722222222223
300,M,2010-02,inf63,1,18,32.63722222222223
733,M,2014-01,gsi005,0,38,0.5
363,F,2012-02,gsi015,18,28,6.69595238095238
935,M,2009-02,gem03,62,0,61.89409798534799
918,M,2009-02,gem03,76,3,61.34290154290155
934,M,2009-02,gem03,47,11,48.059682539682534
933,M,2009-02,gem03,60,4,64.71214285714287
329,M,2011-02,gsi014,72,6,44.032448107448104
558,F,2015-01,gfm015,5,12,26.63840909090909
104,M,2016-02,gsi015,60,2,62.57671514106808
462,F,2016-02,ggi017,80,10,81.46666666666667
738,M,2014-01,gsi005,66,0,49.49473075488123
738,M,2015-01,gsi015,96,8,52.25605223080223
731,M,2014-01,gsi005,80,2,57.25812800476755
731,M,2015-01,gsi015,96,4,62.1510829962276
741,M,2014-01,gsi005,11,4,50.207818850067724
507,M,2015-02,gsi015,69,12,37.34099125848352
507,M,2014-01,gsi005,60,4,50.207818850067724
766,M,2014-01,gsi005,44,0,49.49473075488123
742,M,2014-01,gsi005,0,28,0.0
328,M,2011-02,gsi014,60,6,44.032448107448104
471,F,2015-02,gsi015,0,48,0.0
471,F,2014-01,gsi005,64,4,50.207818850067724
755,M,2014-01,gsi005,60,2,57.25812800476755
755,M,2015-01,gsi015,68,10,43.55887315883291
51,F,2011-01,gsi014,38,16,42.56838383838384
51,F,2010-02,inf63,6,12,47.696666666666665
51,F,2011-02,gsi014,60,14,52.84895104895105
299,M,2010-02,inf63,60,2,46.289759679940985
49,F,2011-01,gsi014,44,16,42.56838383838384
49,F,2010-02,inf63,17,10,45.76975354710649
49,F,2011-02,gsi014,84,14,52.84895104895105
298,F,2010-02,inf63,25,4,58.49403950229764
298,F,2011-02,gsi014,68,8,55.38188672438673
297,M,2010-02,inf63,47,0,54.533639119402004
759,M,2014-01,gsi005,60,0,49.49473075488123
765,M,2014-01,gsi005,88,4,50.207818850067724
330,M,2011-02,gsi014,55,14,52.84895104895105
922,M,2009-02,gem03,68,3,61.34290154290155
926,F,2009-02,gem03,67,7,61.464999999999996
53,F,2011-01,gsi014,30,16,42.56838383838384
53,F,2010-02,inf63,30,8,38.80537851037851
921,M,2009-02,gem03,30,0,61.89409798534799
919,M,2009-02,gem03,60,0,61.89409798534799
52,F,2011-01,gsi014,60,2,48.44569985569986
52,F,2010-02,inf63,49,0,54.533639119402004
923,M,2009-02,gem03,11,3,61.34290154290155
