Unknown1,Sex,Date,Subject,Grade,Unknown2
173,M,2009-01,inf63,38,4
173,M,2009-02,inf63,97,6
312,M,2010-02,inf63,45,4
889,M,2009-02,gem03,0,0
890,F,2009-02,gem03,88,3
405,F,2017-02,ggi017,3,34
304,M,2010-02,inf63,41,0
595,M,2013-02,gsi005,41,0
595,M,2013-01,gsi005,20,2
80,M,2011-01,gsi014,22,8
80,M,2010-02,inf63,40,8
80,M,2011-02,gsi014,77,14
520,M,2015-02,gsi037,0,60
249,M,2011-01,facom49010,89,7
315,M,2010-02,inf63,60,2
247,F,2011-01,facom49010,63,3
245,M,2011-01,facom49010,0,37
232,M,2011-01,facom49010,97,0
313,M,2010-02,inf63,0,22
233,M,2011-01,facom49010,93,0
253,M,2011-01,facom49010,82,0
252,M,2011-01,facom49010,96,4
1012,M,2013-02,gsi015,9,36
237,M,2011-01,facom49010,90,1
236,M,2011-01,facom49010,70,1
309,M,2010-02,inf63,60,2
795,M,2014-01,gsi015,70,6
795,M,2013-01,gsi005,74,0
308,M,2010-02,inf63,60,4
829,M,2013-01,gsi005,6,30
703,M,2014-02,gsi015,60,4
703,M,2013-01,gsi005,60,2
226,M,2011-01,facom49010,40,2
225,M,2011-01,facom49010,75,0
224,M,2011-01,facom49010,84,0
339,M,2011-02,gsi014,40,6
65,M,2011-01,gsi014,50,0
161,M,2009-01,inf63,68,0
228,M,2011-01,facom49010,98,0
227,M,2011-01,facom49010,69,0
498,M,2015-02,gsi015,74,10
498,M,2015-01,gsi015,50,4
498,M,2013-01,gsi005,60,2
538,M,2015-02,gsi037,84,4
231,M,2011-01,facom49010,85,2
818,M,2013-01,gsi005,67,6
230,M,2011-01,facom49010,82,0
500,M,2015-02,gsi015,60,14
500,M,2015-01,gsi015,43,8
500,M,2013-01,gsi005,60,2
229,M,2011-01,facom49010,95,1
310,M,2010-02,inf63,60,4
840,M,2013-01,gsi005,0,38
212,M,2011-01,facom49010,60,4
824,M,2013-01,gsi005,60,4
837,M,2013-01,gsi005,36,2
235,M,2011-01,facom49010,60,0
234,M,2011-01,facom49010,3,13
220,M,2011-01,facom49010,26,12
213,F,2011-01,facom49010,33,0
250,M,2011-01,facom49010,33,0
436,M,2017-02,ggi005,10,26
805,M,2014-01,gsi015,81,4
805,M,2013-01,gsi005,70,0
246,M,2011-01,facom49010,90,0
443,M,2017-02,ggi005,19,22
616,M,2013-02,gsi005,29,4
616,M,2013-01,gsi005,40,12
244,M,2011-01,facom49010,47,4
832,F,2013-01,gsi005,29,10
243,M,2011-01,facom49010,61,4
807,M,2014-01,gsi015,76,0
807,M,2013-01,gsi005,71,2
702,M,2014-02,gsi015,81,2
702,M,2013-01,gsi005,60,4
800,M,2014-01,gsi015,14,10
800,M,2015-01,gsi015,60,10
800,M,2013-01,gsi005,60,8
510,M,2015-02,gsi015,0,46
510,M,2013-01,gsi005,38,16
433,M,2017-02,ggi005,0,22
586,M,2013-02,gsi005,30,0
586,M,2013-01,gsi005,36,16
794,M,2014-01,gsi015,85,4
794,M,2013-01,gsi005,73,0
238,M,2011-01,facom49010,0,45
825,M,2013-01,gsi005,60,0
248,M,2011-01,facom49010,70,0
241,F,2011-01,facom49010,44,5
240,M,2011-01,facom49010,91,0
920,M,2009-02,gem03,0,0
239,M,2011-01,facom49010,8,30
844,M,2013-01,gsi005,29,8
705,M,2014-02,gsi015,76,8
705,M,2013-01,gsi005,60,2
831,M,2013-01,gsi005,7,18
256,F,2011-01,facom49010,69,6
704,M,2014-02,gsi015,63,5
704,M,2013-01,gsi005,63,6
458,M,2016-02,ggi017,68,2
836,F,2013-01,gsi005,50,4
785,M,2014-01,gsi015,28,22
785,M,2013-01,gsi005,38,6
796,M,2014-01,gsi015,83,4
796,M,2013-01,gsi005,84,0
826,M,2013-01,gsi005,3,52
489,M,2015-02,gsi015,60,4
489,M,2015-01,gsi015,25,6
816,F,2013-01,gsi005,47,4
802,M,2014-01,gsi015,87,0
802,M,2013-01,gsi005,69,2
819,F,2013-01,gsi005,49,4
251,M,2011-01,facom49010,0,20
838,M,2013-01,gsi005,67,12
787,M,2014-01,gsi015,0,54
787,M,2013-01,gsi005,63,4
797,M,2014-01,gsi015,86,6
797,M,2013-01,gsi005,80,4
789,M,2014-01,gsi015,0,6
789,M,2013-01,gsi005,44,0
806,M,2014-01,gsi015,71,4
806,M,2013-01,gsi005,75,0
450,M,2016-02,ggi017,5,16
851,M,2013-01,gsi015,62,0
906,M,2009-02,gem03,27,34
916,M,2009-02,gem03,0,0
833,M,2013-01,gsi005,47,0
103,M,2016-02,gsi015,0,10
404,M,2017-02,ggi017,11,20
463,M,2016-02,ggi017,18,6
255,M,2011-01,facom49010,65,0
254,F,2011-01,facom49010,38,10
713,M,2014-02,facom49010,42,0
715,F,2014-02,facom49010,50,4
242,F,2011-01,facom49010,14,4
421,F,2017-02,ggi005,11,16
437,F,2017-02,ggi005,12,12
821,M,2013-01,gsi005,56,4
416,M,2017-02,ggi017,73,10
440,F,2017-02,ggi005,12,24
710,M,2014-02,facom49010,13,24
791,M,2014-01,gsi015,67,6
791,M,2013-01,gsi005,72,0
420,M,2017-02,ggi005,18,14
603,M,2013-02,gsi005,30,30
603,M,2013-01,gsi005,33,8
707,M,2014-02,facom49010,77,2
614,M,2013-02,gsi005,0,58
614,M,2013-01,gsi005,0,58
725,M,2014-02,facom49010,31,16
830,M,2013-01,gsi005,49,10
828,M,2013-01,gsi005,26,48
792,M,2014-01,gsi015,90,2
792,M,2013-01,gsi005,79,4
886,M,2009-01,gem03,78,0
696,M,2014-02,gsi015,60,18
696,M,2014-01,gsi015,46,10
696,M,2013-01,gsi005,60,0
712,F,2014-02,facom49010,39,12
716,M,2014-02,facom49010,85,10
936,F,2009-02,gem03,60,11
722,M,2014-02,facom49010,37,2
425,M,2017-02,ggi005,90,0
723,M,2014-02,facom49010,79,8
452,M,2016-02,ggi017,12,22
708,M,2014-02,facom49010,65,8
719,M,2014-02,facom49010,56,12
717,M,2014-02,facom49010,47,2
441,M,2017-02,ggi005,1,8
834,M,2013-01,gsi005,28,20
412,F,2017-02,ggi017,1,30
412,F,2016-02,ggi017,0,24
429,M,2017-02,ggi005,10,4
835,F,2013-01,gsi005,66,0
820,M,2013-01,gsi005,0,78
442,F,2017-02,ggi005,0,28
424,M,2017-02,ggi005,18,36
808,F,2015-01,gsi015,60,8
808,F,2013-01,gsi005,63,2
720,M,2014-02,facom49010,94,4
817,M,2013-01,gsi005,0,78
793,M,2014-01,gsi015,80,8
793,M,2013-01,gsi005,80,4
431,M,2017-02,ggi005,0,38
419,F,2017-02,ggi005,0,36
432,M,2017-02,ggi005,34,8
728,M,2014-02,facom49010,32,6
729,M,2014-02,facom49010,41,12
718,M,2014-02,facom49010,69,6
699,M,2014-02,gsi015,64,0
699,M,2013-01,gsi005,66,0
724,M,2014-02,facom49010,81,2
843,M,2013-01,gsi005,60,16
414,F,2017-02,ggi017,18,16
414,F,2016-02,ggi017,4,20
427,M,2017-02,ggi005,9,8
454,M,2016-02,ggi017,0,34
417,F,2017-02,ggi005,12,14
822,F,2013-01,gsi005,38,20
965,M,2010-01,inf63,0,10
269,M,2010-02,inf63,60,18
900,M,2009-02,gem03,46,0
501,M,2015-02,gsi015,0,42
903,M,2009-02,gem03,0,0
896,M,2009-02,gem03,9,15
504,M,2015-02,gsi015,0,38
106,F,2016-02,gsi015,3,6
468,F,2015-02,gsi015,61,2
509,M,2015-02,gsi015,0,34
527,F,2015-02,gsi037,82,16
784,M,2014-01,gsi015,0,34
784,M,2013-01,gsi005,26,14
672,M,2012-02,gsi005,70,4
672,M,2014-01,gsi015,79,4
672,M,2013-02,gsi015,2,13
518,M,2015-02,gsi037,92,8
518,M,2014-01,gsi015,80,4
502,M,2015-02,gsi015,88,0
127,M,2016-02,gsi015,37,22
827,F,2013-01,gsi005,56,6
811,M,2015-01,gsi015,38,8
117,F,2016-02,gsi015,3,30
117,F,2015-02,gsi015,9,22
486,F,2015-02,gsi015,66,4
1014,M,2013-02,gsi015,60,2
1009,M,2013-02,gsi015,60,8
536,M,2015-02,gsi037,83,24
680,M,2012-02,gsi005,60,6
680,M,2013-02,gsi015,77,6
661,M,2012-02,gsi005,5,24
678,F,2012-02,gsi005,60,4
678,F,2015-01,gsi015,6,22
678,F,2013-02,gsi015,11,12
609,M,2013-02,gsi005,0,54
609,M,2012-02,gsi005,15,18
276,F,2010-02,inf63,10,23
210,M,2009-01,inf63,60,14
280,M,2010-02,inf63,42,10
94,F,2016-02,gsi015,14,6
476,M,2015-02,gsi015,50,15
679,M,2012-02,gsi005,67,10
679,M,2014-01,gsi015,70,14
679,M,2013-02,gsi015,37,6
664,M,2012-02,gsi005,60,4
694,M,2012-02,gsi005,60,2
694,M,2013-02,gsi015,60,14
676,F,2012-02,gsi005,60,12
659,M,2012-02,gsi005,79,10
657,F,2012-02,gsi005,83,10
657,F,2014-01,gsi015,69,10
657,F,2013-02,gsi015,2,28
682,F,2012-02,gsi005,16,4
667,M,2012-02,gsi005,15,16
282,M,2010-02,inf63,60,12
927,F,2009-02,gem03,78,3
925,F,2009-02,gem03,54,6
907,M,2009-02,gem03,51,3
508,M,2015-02,gsi015,66,2
123,M,2016-02,gsi015,17,16
924,F,2009-02,gem03,65,3
85,F,2016-02,gsi015,0,12
685,F,2012-02,gsi005,23,12
685,F,2014-01,gsi015,0,38
685,F,2013-01,gsi005,25,18
666,F,2012-02,gsi005,18,14
666,F,2015-01,gsi015,70,6
666,F,2013-02,gsi015,7,10
669,M,2012-02,gsi005,61,4
669,M,2013-02,gsi015,69,10
517,M,2015-02,gsi037,37,28
845,F,2013-01,gsi015,32,38
692,F,2012-02,gsi005,24,6
692,F,2013-01,gsi005,18,68
668,M,2012-02,gsi005,31,0
986,M,2010-01,gsi014,87,8
985,M,2010-01,gsi014,75,4
31,M,2011-01,gsi014,25,4
31,M,2010-02,inf63,3,14
31,M,2011-02,gsi014,60,10
29,M,2011-01,gsi014,23,0
29,M,2010-02,inf63,12,8
29,M,2011-02,gsi014,22,22
25,M,2011-01,gsi014,60,0
25,M,2010-02,inf63,28,11
183,M,2009-01,inf63,41,4
183,M,2009-02,inf63,73,10
532,M,2015-02,gsi037,71,4
697,M,2014-02,gsi015,81,8
535,M,2015-02,gsi037,80,5
638,M,2011-02,gsi005,60,12
638,M,2013-02,gsi015,60,4
370,M,2012-02,gsi015,8,18
627,M,2011-02,gsi005,26,22
514,M,2015-02,gsi037,72,14
352,F,2012-02,gsi015,0,72
135,M,2009-01,inf63,29,0
135,M,2009-02,inf63,1,2
474,F,2015-02,gsi015,7,14
994,M,2010-01,gsi014,33,2
993,M,2010-01,gsi014,95,0
898,M,2009-02,gem03,0,11
992,F,2010-01,gsi014,60,10
293,M,2010-02,inf63,60,2
293,M,2010-01,gsi014,35,2
46,M,2011-01,gsi014,39,2
46,M,2010-02,inf63,31,2
41,F,2011-01,gsi014,25,26
41,F,2010-02,inf63,15,10
41,F,2010-01,gsi014,2,16
990,M,2010-01,gsi014,90,0
45,M,2011-01,gsi014,30,4
45,M,2010-02,inf63,2,6
45,M,2011-02,gsi014,18,26
892,M,2009-02,gem03,60,0
910,M,2009-02,gem03,60,0
991,M,2010-01,gsi014,91,2
214,F,2011-01,facom49010,43,1
915,M,2009-02,gem03,80,3
891,F,2009-02,gem03,55,4
913,M,2009-02,gem03,77,2
914,F,2009-02,gem03,65,7
218,M,2011-01,facom49010,98,0
217,M,2011-01,facom49010,71,4
216,F,2011-01,facom49010,52,5
215,M,2011-01,facom49010,94,0
223,M,2011-01,facom49010,93,3
222,M,2011-01,facom49010,94,3
221,M,2011-01,facom49010,96,0
219,M,2011-01,facom49010,30,13
909,M,2009-02,gem03,88,0
988,M,2010-01,gsi014,50,12
292,M,2010-02,inf63,37,6
292,M,2010-01,gsi014,21,4
912,M,2009-02,gem03,87,0
905,M,2009-02,gem03,62,2
908,M,2009-02,gem03,91,3
989,M,2010-01,gsi014,79,14
34,M,2011-01,gsi014,31,2
34,M,2010-02,inf63,3,0
987,M,2010-01,gsi014,72,0
632,M,2011-02,gsi005,44,16
287,M,2010-02,inf63,64,2
287,M,2010-01,gsi014,50,6
904,M,2009-02,gem03,74,4
446,M,2017-02,ggi005,25,16
290,M,2010-02,inf63,69,2
290,M,2015-02,gsi037,79,8
901,M,2009-02,gem03,54,0
289,M,2010-02,inf63,0,16
902,M,2009-02,gem03,79,0
897,M,2009-02,gem03,80,3
899,M,2009-02,gem03,83,0
894,F,2009-02,gem03,96,0
895,M,2009-02,gem03,66,0
459,M,2016-02,ggi017,1,38
874,M,2009-01,gem03,0,52
721,M,2014-02,facom49010,39,2
709,M,2014-02,facom49010,60,18
87,M,2016-02,gsi015,43,0
726,M,2014-02,facom49010,43,8
461,F,2016-02,ggi017,0,38
466,M,2016-02,ggi017,89,10
566,M,2015-01,gfm015,65,6
636,M,2011-02,gsi005,60,8
635,F,2011-02,gsi005,68,6
637,M,2011-02,gsi005,12,12
637,M,2013-01,gsi015,78,8
364,M,2012-02,gsi015,99,8
364,M,2011-02,gsi005,71,2
400,F,2017-02,ggi017,0,46
358,M,2012-02,gsi015,28,8
358,M,2011-02,gsi005,33,2
361,M,2012-02,gsi015,60,2
361,M,2015-02,gsi037,64,14
361,M,2011-02,gsi005,60,0
360,M,2012-02,gsi015,22,8
360,M,2011-02,gsi005,60,8
360,M,2015-01,gsi015,60,10
360,M,2013-01,gsi015,17,8
360,M,2013-02,gsi015,8,16
972,M,2010-01,inf63,29,26
258,M,2010-02,inf63,31,18
258,M,2010-01,inf63,4,10
974,M,2010-01,inf63,60,4
982,M,2010-01,inf63,60,8
411,M,2017-02,ggi017,75,0
409,M,2017-02,ggi017,16,22
366,M,2012-02,gsi015,72,6
366,M,2015-02,gsi037,64,16
366,M,2011-02,gsi005,61,10
365,M,2012-02,gsi015,27,16
640,M,2011-02,gsi005,25,2
371,M,2012-02,gsi015,19,8
371,M,2011-02,gsi005,60,0
371,M,2014-01,gsi015,12,28
371,M,2015-01,gsi015,0,42
371,M,2013-01,gsi015,25,8
266,F,2010-02,inf63,60,8
266,F,2015-02,gsi037,81,12
369,M,2012-02,gsi015,15,32
369,M,2015-02,gsi015,74,8
369,M,2011-02,gsi005,70,2
426,M,2017-02,ggi005,0,30
367,M,2012-02,gsi015,60,2
367,M,2011-02,gsi005,75,2
448,F,2017-02,ggi005,15,6
639,M,2011-02,gsi005,14,6
639,M,2014-01,gsi015,0,24
639,M,2013-01,gsi015,0,26
272,M,2010-02,inf63,41,26
505,M,2015-02,gsi015,60,4
478,M,2015-02,gsi015,60,14
478,M,2015-01,gsi015,45,12
275,F,2010-02,inf63,60,2
274,M,2010-02,inf63,38,18
126,M,2016-02,gsi015,12,12
495,M,2015-02,gsi015,77,4
487,M,2015-02,gsi015,92,2
401,F,2017-02,ggi017,2,40
401,F,2017-02,ggi005,0,38
374,F,2012-02,gsi015,77,18
374,F,2011-02,gsi005,80,2
399,M,2017-02,ggi017,0,44
373,F,2012-02,gsi015,5,28
373,F,2015-02,gsi015,54,4
373,F,2011-02,gsi005,60,10
455,F,2016-02,ggi017,84,6
36,M,2011-01,gsi014,83,0
37,M,2011-01,gsi014,60,2
325,M,2011-02,gsi014,46,4
325,M,2012-02,gsi015,18,18
325,M,2013-02,gsi015,0,42
438,M,2017-02,ggi005,61,4
362,M,2012-02,gsi015,25,4
362,M,2013-01,gsi015,67,7
43,M,2011-01,gsi014,37,4
444,M,2017-02,ggi005,42,6
327,F,2011-02,gsi014,37,16
428,M,2017-02,ggi005,11,24
506,M,2015-02,gsi015,64,4
472,M,2015-02,gsi015,71,6
481,M,2015-02,gsi015,77,4
44,M,2011-01,gsi014,39,6
445,M,2017-02,ggi005,62,6
422,M,2017-02,ggi005,7,20
439,M,2017-02,ggi005,1,24
423,M,2017-02,ggi005,7,8
413,F,2017-02,ggi017,0,39
628,F,2011-02,gsi005,60,10
628,F,2014-01,gsi015,13,30
628,F,2015-01,gsi015,0,60
628,F,2013-02,gsi015,0,28
570,M,2013-02,gsi005,27,4
570,M,2011-02,gsi005,33,12
570,M,2014-02,gsi015,0,38
630,M,2011-02,gsi005,60,2
630,M,2014-01,gsi015,60,6
630,M,2013-01,gsi015,25,6
630,M,2013-02,gsi015,36,8
572,M,2013-02,gsi005,10,32
572,M,2011-02,gsi005,24,14
28,M,2011-01,gsi014,35,0
28,M,2011-02,gsi014,64,4
30,M,2011-01,gsi014,47,2
30,M,2011-02,gsi014,88,4
84,M,2016-02,gsi015,35,14
84,M,2012-02,gsi015,10,16
84,M,2013-01,gsi015,10,44
626,M,2011-02,gsi005,60,18
626,M,2013-02,gsi015,60,14
322,M,2011-02,gsi014,22,6
322,M,2012-02,gsi015,0,72
322,M,2013-02,gsi015,2,24
477,F,2015-02,gsi015,82,0
485,M,2015-02,gsi015,78,0
511,M,2015-02,gsi015,78,0
469,M,2015-02,gsi015,65,2
119,M,2016-02,gsi015,0,30
119,M,2015-02,gsi015,21,20
470,M,2015-02,gsi015,70,18
32,M,2011-01,gsi014,44,0
418,F,2017-02,ggi005,15,6
434,F,2017-02,ggi005,65,4
33,M,2011-01,gsi014,71,6
35,M,2011-01,gsi014,60,0
354,F,2012-02,gsi015,53,4
354,F,2011-02,gsi005,60,0
354,F,2013-01,gsi015,60,2
631,M,2011-02,gsi005,22,26
357,M,2012-02,gsi015,0,48
357,M,2011-02,gsi005,100,2
357,M,2013-01,gsi015,0,72
866,M,2009-01,gem03,60,0
355,M,2012-02,gsi015,95,6
355,M,2015-02,gsi037,81,2
355,M,2011-02,gsi005,60,8
403,M,2017-02,ggi017,16,10
629,M,2011-02,gsi005,70,2
629,M,2013-01,gsi015,72,14
813,M,2015-01,gsi015,21,16
813,M,2013-01,gsi005,60,0
854,M,2013-01,gsi015,60,12
649,M,2011-02,gsi005,60,6
62,M,2011-01,gsi014,61,0
335,M,2011-02,gsi014,44,6
394,M,2012-02,gsi015,91,0
394,M,2011-02,gsi005,60,0
336,M,2011-02,gsi014,53,16
646,F,2011-02,gsi005,63,4
786,M,2014-01,gsi015,14,16
786,M,2013-01,gsi005,60,0
63,M,2011-01,gsi014,30,2
63,M,2011-02,gsi014,60,4
645,M,2011-02,gsi005,60,12
645,M,2013-01,gsi015,71,14
801,M,2014-01,gsi015,0,14
801,M,2013-01,gsi005,35,22
338,F,2011-02,gsi014,72,14
647,F,2011-02,gsi005,41,0
647,F,2014-01,gsi015,67,4
647,F,2013-01,gsi015,3,36
647,F,2013-02,gsi015,4,12
67,F,2011-01,gsi014,21,6
67,F,2011-02,gsi014,52,8
395,M,2012-02,gsi015,50,4
395,M,2011-02,gsi005,60,4
395,M,2013-01,gsi015,61,8
782,M,2014-01,gsi015,68,12
782,M,2013-01,gsi005,69,6
392,M,2012-02,gsi015,63,4
392,M,2011-02,gsi005,66,4
393,M,2012-02,gsi015,34,8
393,M,2011-02,gsi005,60,4
393,M,2013-02,gsi015,60,2
893,M,2009-02,gem03,43,14
523,M,2015-02,gsi037,50,12
68,M,2011-01,gsi014,46,8
68,M,2011-02,gsi014,65,18
798,M,2014-01,gsi015,96,4
798,M,2013-01,gsi005,93,2
701,F,2014-02,gsi015,8,16
701,F,2015-01,gsi015,74,6
701,F,2013-01,gsi005,60,4
842,M,2013-01,gsi005,44,8
47,M,2011-01,gsi014,74,8
490,M,2015-02,gsi015,93,12
490,M,2013-01,gsi005,60,0
50,M,2011-01,gsi014,72,12
803,M,2014-01,gsi015,88,6
803,M,2013-01,gsi005,76,2
714,F,2014-02,facom49010,20,30
54,M,2011-01,gsi014,63,2
54,M,2015-02,gsi037,87,6
55,M,2011-01,gsi014,60,0
841,M,2013-01,gsi005,23,34
809,M,2015-01,gsi015,75,8
809,M,2013-01,gsi005,61,0
1016,F,2013-02,gsi015,27,12
332,M,2011-02,gsi014,70,14
410,M,2017-02,ggi017,1,38
381,M,2012-02,gsi015,5,20
381,M,2013-01,gsi015,12,14
839,M,2013-01,gsi005,0,58
397,M,2012-02,gsi015,61,10
397,M,2011-02,gsi005,63,4
516,M,2015-02,gsi037,79,1
555,F,2015-01,gfm015,34,14
475,M,2015-02,gsi015,42,2
559,F,2015-01,gfm015,41,12
554,F,2015-01,gfm015,7,31
58,M,2011-01,gsi014,33,4
58,M,2011-02,gsi014,76,4
59,M,2011-01,gsi014,62,4
823,M,2013-01,gsi005,30,18
347,M,2011-02,gsi014,60,16
380,M,2012-02,gsi015,34,6
380,M,2011-02,gsi005,60,0
380,M,2013-01,gsi015,78,6
79,M,2011-01,gsi014,69,7
379,M,2012-02,gsi015,31,10
379,M,2011-02,gsi005,60,0
379,M,2013-02,gsi015,3,4
467,M,2016-02,ggi017,0,38
348,M,2011-02,gsi014,42,10
348,M,2015-02,gsi037,81,12
382,M,2012-02,gsi015,46,0
382,M,2011-02,gsi005,64,0
382,M,2014-01,gsi015,0,56
40,M,2011-01,gsi014,30,0
40,M,2011-02,gsi014,60,4
377,M,2012-02,gsi015,100,4
377,M,2011-02,gsi005,64,6
457,M,2016-02,ggi017,60,8
376,M,2012-02,gsi015,35,6
376,M,2011-02,gsi005,60,0
376,M,2013-01,gsi015,60,12
349,M,2011-02,gsi014,46,8
349,M,2012-02,gsi015,28,16
188,M,2009-01,inf63,66,4
378,M,2012-02,gsi015,24,14
378,M,2015-02,gsi015,72,4
378,M,2011-02,gsi005,49,4
378,M,2013-02,gsi015,16,4
375,M,2012-02,gsi015,60,2
375,M,2015-02,gsi037,81,2
375,M,2011-02,gsi005,60,0
77,M,2011-01,gsi014,60,10
109,M,2016-02,gsi015,11,6
548,F,2015-01,gfm015,21,16
383,M,2012-02,gsi015,76,2
383,M,2011-02,gsi005,73,10
342,M,2011-02,gsi014,74,4
70,M,2011-01,gsi014,62,4
390,M,2012-02,gsi015,35,4
390,M,2011-02,gsi005,51,4
72,M,2011-01,gsi014,63,3
391,M,2012-02,gsi015,19,6
391,M,2011-02,gsi005,60,4
73,M,2011-01,gsi014,34,8
451,M,2016-02,ggi017,3,22
643,M,2011-02,gsi005,60,0
74,M,2011-01,gsi014,52,0
385,M,2012-02,gsi015,88,4
385,M,2015-02,gsi037,77,14
385,M,2011-02,gsi005,60,8
642,F,2011-02,gsi005,49,4
642,F,2013-01,gsi015,67,8
76,M,2011-01,gsi014,36,26
388,M,2012-02,gsi015,31,4
388,M,2011-02,gsi005,60,2
386,M,2012-02,gsi015,16,12
386,M,2015-02,gsi015,66,6
386,M,2011-02,gsi005,60,6
386,M,2013-02,gsi015,8,12
122,M,2016-02,gsi015,60,2
384,M,2012-02,gsi015,60,10
384,M,2011-02,gsi005,34,18
525,M,2015-02,gsi037,86,10
341,M,2011-02,gsi014,38,16
69,M,2011-01,gsi014,34,12
88,M,2016-02,gsi015,39,0
190,F,2009-01,inf63,63,12
19,M,2009-01,gem03,61,6
10,M,2009-01,gem03,40,18
10,M,2009-02,gem03,77,9
13,M,2009-01,gem03,35,21
13,M,2009-02,gem03,64,17
883,F,2009-01,gem03,3,6
879,M,2009-01,gem03,61,5
521,M,2015-02,gsi037,0,60
1013,M,2013-02,gsi015,0,32
887,M,2009-01,gem03,60,3
727,M,2014-02,facom49010,70,18
873,M,2009-01,gem03,9,35
873,M,2009-02,gem03,8,39
2,M,2009-01,gem03,45,15
2,M,2009-02,gem03,71,16
97,M,2016-02,gsi015,40,12
97,M,2013-01,gsi015,0,34
78,M,2011-01,gsi014,12,4
125,M,2016-02,gsi015,16,24
911,M,2009-02,gem03,66,14
192,M,2009-01,inf63,0,62
1017,M,2013-02,gsi015,42,4
512,M,2015-02,gsi037,0,56
163,M,2009-01,inf63,4,2
163,M,2009-02,inf63,79,0
169,M,2009-01,inf63,40,2
169,M,2009-02,inf63,88,6
142,M,2009-01,inf63,60,0
151,M,2009-01,inf63,7,20
151,M,2009-02,inf63,53,4
130,M,2009-01,inf63,63,0
136,M,2009-01,inf63,68,4
132,M,2009-01,inf63,67,4
129,M,2009-01,inf63,40,18
129,M,2009-02,inf63,16,18
150,M,2009-01,inf63,17,4
150,M,2009-02,inf63,60,4
22,M,2009-01,gem03,51,0
22,M,2009-02,gem03,60,15
700,M,2014-02,gsi015,60,8
194,M,2009-01,inf63,60,16
534,F,2015-02,gsi037,72,8
531,M,2015-02,gsi037,17,32
711,F,2014-02,facom49010,51,6
331,F,2011-02,gsi014,85,16
331,F,2012-02,gsi015,60,16
592,M,2013-02,gsi005,10,16
333,M,2011-02,gsi014,46,4
333,M,2012-02,gsi015,8,14
333,M,2014-01,gsi015,61,12
780,F,2014-01,gsi015,7,26
337,F,2011-02,gsi014,80,8
623,M,2013-02,gsi005,60,4
623,M,2014-02,gsi015,60,8
334,M,2011-02,gsi014,84,0
604,M,2013-02,gsi005,15,0
606,M,2013-02,gsi005,0,30
610,M,2013-02,gsi005,5,36
599,M,2013-02,gsi005,6,10
599,M,2015-01,gsi015,0,44
571,M,2013-02,gsi005,36,0
571,M,2014-02,gsi015,15,4
571,M,2015-01,gsi015,50,4
343,M,2011-02,gsi014,60,2
344,M,2011-02,gsi014,60,12
608,M,2013-02,gsi005,1,12
788,M,2014-01,gsi015,16,14
788,M,2013-02,gsi015,3,14
340,M,2011-02,gsi014,74,6
497,F,2015-02,gsi015,8,16
577,M,2013-02,gsi005,68,0
577,M,2014-02,gsi015,77,8
171,F,2009-01,inf63,9,30
171,F,2009-02,inf63,0,54
600,M,2013-02,gsi005,68,2
600,M,2014-02,gsi015,1,20
622,M,2013-02,gsi005,28,7
587,F,2013-02,gsi005,27,0
587,F,2015-01,gsi015,35,8
346,M,2011-02,gsi014,79,10
853,M,2013-01,gsi015,81,10
317,M,2010-02,inf63,85,0
855,M,2013-01,gsi015,60,16
389,F,2012-02,gsi015,0,58
804,M,2014-01,gsi015,61,14
804,M,2013-01,gsi015,31,24
804,M,2013-02,gsi015,24,30
939,M,2009-02,gem03,29,0
345,M,2011-02,gsi014,29,24
345,M,2012-02,gsi015,76,18
522,M,2015-02,gsi037,81,14
860,M,2013-01,gsi015,0,52
648,M,2011-02,gsi005,37,6
810,M,2015-01,gsi015,35,8
550,M,2015-01,gfm015,98,4
849,M,2013-01,gsi015,76,8
530,F,2015-02,gsi037,82,12
530,F,2013-01,gsi015,88,7
852,M,2013-01,gsi015,80,10
847,M,2013-01,gsi015,85,4
605,M,2013-02,gsi005,0,18
605,M,2014-02,gsi015,13,22
624,M,2013-02,gsi005,0,34
598,M,2013-02,gsi005,3,14
698,M,2014-02,gsi015,22,16
698,M,2015-01,gsi015,0,62
607,M,2013-02,gsi005,17,20
588,M,2013-02,gsi005,82,2
588,M,2014-02,gsi015,63,10
594,M,2013-02,gsi005,11,0
621,M,2013-02,gsi005,0,34
164,M,2009-01,inf63,60,2
619,M,2013-02,gsi005,2,16
574,M,2013-02,gsi005,19,2
876,M,2009-01,gem03,78,0
134,M,2009-01,inf63,5,6
134,M,2009-02,inf63,13,14
783,F,2014-01,gsi015,60,10
783,F,2013-01,gsi015,4,18
783,F,2013-02,gsi015,3,6
16,M,2009-01,gem03,36,7
16,M,2009-02,gem03,65,18
483,M,2015-02,gsi015,0,42
547,F,2015-01,gfm015,12,12
568,F,2015-01,gfm015,18,10
561,M,2015-01,gfm015,85,2
110,F,2016-02,gsi015,9,10
533,M,2015-02,gsi037,73,9
560,F,2015-01,gfm015,85,2
565,F,2015-01,gfm015,56,4
881,M,2009-01,gem03,10,19
544,M,2015-01,gfm015,19,6
549,M,2015-01,gfm015,22,8
15,M,2009-01,gem03,0,57
551,M,2015-01,gfm015,97,0
82,F,2016-02,gsi015,60,4
541,F,2015-01,gfm015,50,8
260,M,2010-02,inf63,60,16
260,M,2010-01,inf63,23,8
569,F,2015-01,gfm015,31,12
564,M,2015-01,gfm015,12,20
553,F,2015-01,gfm015,19,8
556,F,2015-01,gfm015,15,8
567,M,2015-01,gfm015,68,18
545,F,2015-01,gfm015,14,8
552,M,2015-01,gfm015,20,12
93,M,2016-02,gsi015,60,0
115,M,2016-02,gsi015,60,2
563,M,2015-01,gfm015,50,0
91,M,2016-02,gsi015,0,28
464,M,2016-02,ggi017,11,24
158,M,2009-01,inf63,51,0
158,M,2009-02,inf63,83,10
166,M,2009-01,inf63,39,10
166,M,2009-02,inf63,18,15
167,M,2009-01,inf63,15,0
167,M,2009-02,inf63,67,2
1015,M,2013-02,gsi015,2,18
270,M,2010-02,inf63,84,10
460,M,2016-02,ggi017,7,30
21,M,2009-01,gem03,0,33
21,M,2009-02,gem03,13,22
4,M,2009-01,gem03,45,2
4,M,2009-02,gem03,60,11
930,M,2009-02,gem03,8,21
846,M,2013-01,gsi015,34,4
846,M,2013-02,gsi015,60,10
615,M,2013-02,gsi005,0,58
848,M,2013-01,gsi015,60,18
189,M,2009-01,inf63,0,54
189,M,2010-02,inf63,67,16
189,M,2010-01,inf63,0,42
562,F,2015-01,gfm015,50,8
453,F,2016-02,ggi017,60,5
543,M,2015-01,gfm015,0,54
546,F,2015-01,gfm015,21,8
175,F,2009-01,inf63,38,2
175,F,2009-02,inf63,67,4
191,M,2009-01,inf63,54,11
191,M,2009-02,inf63,60,4
203,M,2009-01,inf63,6,10
203,M,2009-02,inf63,0,54
179,M,2009-01,inf63,46,46
179,M,2009-02,inf63,60,18
850,M,2013-01,gsi015,87,10
211,M,2009-01,inf63,32,26
211,M,2010-01,inf63,2,29
211,M,2009-02,inf63,1,52
580,M,2013-02,gsi005,0,40
580,M,2014-02,gsi015,0,28
589,M,2013-02,gsi005,0,43
781,M,2014-01,gsi015,49,20
435,M,2017-02,ggi005,46,16
479,M,2015-02,gsi015,75,2
479,M,2013-02,gsi005,41,2
209,F,2009-01,inf63,60,6
576,M,2013-02,gsi005,60,2
576,M,2015-01,gsi015,24,10
581,M,2013-02,gsi005,15,13
581,M,2013-02,gsi015,0,8
617,M,2013-02,gsi005,0,30
1010,F,2013-02,gsi015,2,8
524,M,2015-02,gsi037,78,0
524,M,2013-02,gsi015,77,6
590,M,2013-02,gsi005,6,4
406,M,2017-02,ggi017,0,34
593,F,2013-02,gsi005,0,8
1011,M,2013-02,gsi015,12,2
526,M,2015-02,gsi037,78,16
526,M,2013-01,gsi015,84,8
620,M,2013-02,gsi005,1,6
695,F,2014-02,gsi015,0,34
695,F,2014-01,gsi015,0,56
515,F,2015-02,gsi037,79,10
515,F,2013-01,gsi015,87,6
575,M,2013-02,gsi005,35,4
575,M,2014-01,gsi015,0,8
779,F,2014-01,gsi015,91,2
201,M,2009-01,inf63,12,50
201,M,2009-02,inf63,60,18
529,M,2015-02,gsi037,4,28
529,M,2013-02,gsi005,1,10
482,M,2015-02,gsi015,0,48
482,M,2013-02,gsi005,0,44
861,M,2009-01,gem03,1,27
861,M,2009-02,gem03,2,32
917,M,2009-02,gem03,60,23
790,F,2014-01,gsi015,74,10
856,M,2013-01,gsi015,79,8
858,M,2013-01,gsi015,64,16
197,F,2009-01,inf63,13,8
197,F,2009-02,inf63,60,8
124,M,2016-02,gsi015,60,6
124,M,2013-02,gsi005,24,2
465,F,2016-02,ggi017,66,1
625,M,2013-02,gsi005,0,56
118,M,2016-02,gsi015,9,15
118,M,2013-02,gsi005,0,22
184,M,2009-01,inf63,29,18
184,M,2010-02,inf63,70,4
184,M,2010-01,inf63,47,28
184,M,2009-02,inf63,59,38
602,M,2013-02,gsi005,0,8
430,M,2017-02,ggi005,45,8
540,M,2015-02,gsi037,84,12
540,M,2013-01,gsi015,79,6
601,F,2013-02,gsi005,2,4
112,M,2016-02,gsi015,0,36
112,M,2013-02,gsi005,2,30
706,M,2014-02,gsi015,0,38
706,M,2014-01,gsi015,1,16
583,M,2013-02,gsi005,60,8
408,M,2017-02,ggi017,66,4
408,M,2016-02,ggi017,2,18
597,M,2013-02,gsi005,1,20
597,M,2014-01,gsi015,0,14
95,M,2016-02,gsi015,60,12
95,M,2015-02,gsi037,74,18
95,M,2013-02,gsi015,3,10
612,M,2013-02,gsi005,5,18
612,M,2015-01,gsi015,0,42
493,M,2015-02,gsi015,15,8
493,M,2015-01,gsi015,2,16
578,M,2013-02,gsi005,3,16
1018,M,2013-02,gsi015,22,10
579,M,2013-02,gsi005,60,0
573,M,2013-02,gsi005,1,20
799,M,2014-01,gsi015,60,2
415,M,2017-02,ggi017,53,6
596,M,2013-02,gsi005,26,0
815,M,2015-01,gsi015,0,34
611,M,2013-02,gsi005,60,0
456,M,2016-02,ggi017,64,2
618,M,2013-02,gsi005,42,2
585,M,2013-02,gsi005,14,4
499,M,2015-02,gsi015,41,8
499,M,2014-01,gsi015,2,6
499,M,2015-01,gsi015,18,10
613,F,2013-02,gsi005,0,50
398,M,2017-02,ggi017,62,2
584,M,2013-02,gsi005,11,0
447,M,2017-02,ggi005,1,12
582,M,2013-02,gsi005,46,4
859,F,2013-01,gsi015,0,52
160,M,2009-01,inf63,54,14
160,M,2009-02,inf63,62,18
196,F,2009-01,inf63,31,2
196,F,2009-02,inf63,65,4
277,M,2010-02,inf63,73,18
956,M,2009-02,gem03,70,0
154,M,2009-01,inf63,60,4
198,M,2009-01,inf63,13,16
198,M,2009-02,inf63,0,50
351,M,2012-02,gsi015,1,24
957,M,2009-02,gem03,69,0
156,M,2009-01,inf63,61,0
634,F,2011-02,gsi005,37,2
634,F,2013-02,gsi015,0,42
955,M,2009-02,gem03,81,3
155,F,2009-01,inf63,2,32
958,M,2009-02,gem03,70,1
144,M,2009-01,inf63,7,44
149,M,2009-01,inf63,53,8
149,M,2009-02,inf63,60,12
148,M,2009-01,inf63,60,0
193,M,2009-01,inf63,0,44
193,M,2010-02,inf63,13,38
193,M,2010-01,inf63,30,39
193,M,2009-02,inf63,10,48
153,M,2009-01,inf63,8,22
153,M,2010-02,inf63,60,5
153,M,2009-02,inf63,39,10
152,M,2009-01,inf63,47,2
152,M,2009-02,inf63,99,4
195,F,2009-01,inf63,60,6
756,F,2014-01,gsi005,7,0
185,M,2009-01,inf63,54,4
185,M,2009-02,inf63,60,16
775,M,2014-01,gsi005,8,0
147,M,2009-01,inf63,60,0
187,M,2009-01,inf63,53,4
187,M,2009-02,inf63,62,2
778,M,2014-01,gsi005,35,0
146,M,2009-01,inf63,0,64
186,M,2009-01,inf63,60,2
396,M,2012-02,gsi015,60,2
496,M,2015-02,gsi015,66,0
496,M,2014-01,gsi005,27,0
111,F,2016-02,gsi015,11,10
744,M,2014-01,gsi005,20,4
107,F,2016-02,gsi015,19,26
107,F,2015-02,gsi037,60,12
96,M,2016-02,gsi015,12,22
743,M,2014-01,gsi005,41,10
768,F,2014-01,gsi005,0,26
735,F,2014-01,gsi005,21,2
737,F,2014-01,gsi005,24,8
745,M,2014-01,gsi005,14,6
931,M,2009-02,gem03,74,0
932,M,2009-02,gem03,82,0
283,M,2010-02,inf63,75,4
928,M,2009-02,gem03,54,0
145,M,2009-01,inf63,5,2
145,M,2009-02,inf63,60,2
402,M,2017-02,ggi017,60,12
929,M,2009-02,gem03,83,6
281,M,2010-02,inf63,83,10
281,M,2010-01,inf63,50,6
959,F,2009-02,gem03,34,2
960,M,2009-02,gem03,63,3
140,M,2009-01,inf63,60,0
268,M,2010-02,inf63,66,6
268,M,2015-02,gsi037,81,12
948,M,2009-02,gem03,60,3
139,M,2009-01,inf63,35,8
139,M,2009-02,inf63,21,11
180,M,2009-01,inf63,63,2
539,M,2015-02,gsi037,85,8
963,M,2009-02,gem03,68,12
143,M,2009-01,inf63,61,2
182,F,2009-01,inf63,60,12
284,M,2010-02,inf63,60,4
284,M,2010-01,inf63,34,0
141,M,2009-01,inf63,69,4
947,M,2009-02,gem03,40,3
133,M,2009-01,inf63,61,2
174,M,2009-01,inf63,50,2
174,M,2009-02,inf63,73,2
138,M,2009-01,inf63,1,2
138,M,2010-02,inf63,60,12
138,M,2010-01,inf63,3,10
138,M,2009-02,inf63,39,4
177,M,2009-01,inf63,62,4
644,M,2011-02,gsi005,13,14
137,M,2009-01,inf63,30,2
137,M,2009-02,inf63,69,2
178,F,2009-01,inf63,31,2
178,F,2009-02,inf63,61,4
271,M,2010-02,inf63,60,12
857,F,2013-01,gsi015,21,12
200,M,2009-01,inf63,61,8
170,M,2009-01,inf63,67,0
750,M,2014-01,gsi005,15,22
131,M,2009-01,inf63,55,6
131,M,2009-02,inf63,64,0
172,F,2009-01,inf63,25,8
172,F,2010-01,inf63,19,22
172,F,2009-02,inf63,23,14
757,F,2014-01,gsi005,7,24
751,M,2014-01,gsi005,47,0
751,M,2015-01,gsi015,80,8
772,M,2014-01,gsi005,8,4
770,M,2014-01,gsi005,28,4
761,M,2014-01,gsi005,17,22
98,M,2016-02,gsi015,57,20
736,M,2014-01,gsi005,62,2
736,M,2015-01,gsi015,94,8
814,M,2015-01,gsi015,77,2
954,M,2009-02,gem03,75,0
967,M,2010-01,inf63,60,4
952,M,2009-02,gem03,74,0
953,M,2009-02,gem03,54,11
128,M,2009-01,inf63,4,4
128,M,2009-02,inf63,75,2
951,M,2009-02,gem03,52,5
24,M,2009-01,gem03,53,0
24,M,2009-02,gem03,70,2
262,M,2010-02,inf63,60,10
262,M,2010-01,inf63,0,16
949,M,2009-02,gem03,88,0
259,M,2010-02,inf63,23,14
259,M,2010-01,inf63,3,6
950,M,2009-02,gem03,62,8
970,M,2010-01,inf63,67,4
542,F,2015-01,gfm015,10,12
938,M,2009-02,gem03,60,2
969,M,2010-01,inf63,0,30
537,M,2015-02,gsi037,84,0
968,M,2010-01,inf63,2,18
257,M,2010-02,inf63,61,10
257,M,2010-01,inf63,39,4
973,M,2010-01,inf63,60,0
261,M,2010-02,inf63,34,16
261,M,2010-01,inf63,20,4
971,F,2010-01,inf63,62,4
513,F,2015-02,gsi037,60,14
513,F,2014-01,gsi005,13,16
730,M,2014-01,gsi005,0,30
519,M,2015-02,gsi037,79,0
473,M,2015-02,gsi015,60,0
208,M,2009-01,inf63,73,16
121,M,2016-02,gsi015,80,7
740,M,2014-01,gsi005,35,2
101,M,2016-02,gsi015,56,2
116,F,2016-02,gsi015,56,6
767,M,2014-01,gsi005,6,20
747,M,2014-01,gsi005,33,0
114,M,2016-02,gsi015,68,2
491,F,2015-02,gsi015,60,6
491,F,2014-01,gsi005,41,2
739,M,2014-01,gsi005,9,16
494,M,2015-02,gsi015,50,10
494,M,2014-01,gsi005,56,8
488,M,2015-02,gsi015,79,0
488,M,2014-01,gsi005,55,0
945,M,2009-02,gem03,66,4
946,M,2009-02,gem03,44,6
943,M,2009-02,gem03,83,2
944,M,2009-02,gem03,60,0
264,M,2010-02,inf63,82,4
264,M,2010-01,inf63,44,0
263,M,2010-02,inf63,92,4
263,M,2010-01,inf63,49,2
942,M,2009-02,gem03,46,11
940,F,2009-02,gem03,84,1
975,M,2010-01,inf63,60,5
941,M,2009-02,gem03,82,0
18,M,2009-01,gem03,42,0
18,M,2009-02,gem03,60,0
812,F,2015-01,gsi015,19,14
812,F,2013-02,gsi015,20,10
980,M,2010-01,inf63,60,4
17,F,2009-01,gem03,33,5
17,F,2009-02,gem03,60,3
528,M,2015-02,gsi037,85,8
979,M,2010-01,inf63,60,0
372,M,2012-02,gsi015,60,6
978,M,2010-01,inf63,60,2
591,M,2013-02,gsi005,12,32
977,M,2010-01,inf63,0,35
5,M,2009-01,gem03,67,0
165,M,2009-01,inf63,60,0
204,M,2009-01,inf63,65,6
1,M,2009-01,gem03,60,18
162,M,2009-01,inf63,6,6
162,M,2009-02,inf63,86,2
205,M,2009-01,inf63,36,20
205,M,2009-02,inf63,60,4
265,M,2010-02,inf63,72,12
14,M,2009-01,gem03,68,0
168,M,2009-01,inf63,60,6
206,M,2009-01,inf63,32,0
206,M,2009-02,inf63,54,0
983,M,2010-01,inf63,37,4
7,F,2009-01,gem03,47,0
7,F,2009-02,gem03,71,7
207,M,2009-01,inf63,60,8
981,M,2010-01,inf63,35,6
157,M,2009-01,inf63,65,0
199,M,2009-01,inf63,11,38
199,M,2009-02,inf63,61,18
763,M,2014-01,gsi005,0,10
746,M,2014-01,gsi005,17,10
3,M,2009-01,gem03,46,0
3,M,2009-02,gem03,70,10
774,F,2014-01,gsi005,15,10
159,M,2009-01,inf63,12,12
202,F,2009-01,inf63,60,18
754,M,2014-01,gsi005,1,16
878,M,2009-01,gem03,61,0
120,F,2016-02,gsi015,51,8
83,M,2016-02,gsi015,6,26
99,M,2016-02,gsi015,0,30
749,M,2014-01,gsi005,76,2
749,M,2015-01,gsi015,90,6
748,M,2014-01,gsi005,9,0
86,F,2016-02,gsi015,4,18
86,F,2014-01,gsi005,23,6
176,F,2009-01,inf63,0,66
176,F,2010-02,inf63,0,72
176,F,2010-01,inf63,3,36
176,F,2009-02,inf63,0,58
89,M,2016-02,gsi015,25,4
734,M,2014-01,gsi005,7,4
769,M,2014-01,gsi005,20,4
762,F,2014-01,gsi005,60,0
762,F,2015-01,gsi015,75,6
273,M,2010-02,inf63,65,10
641,M,2011-02,gsi005,23,20
884,F,2009-01,gem03,60,0
267,F,2010-02,inf63,70,7
306,M,2010-02,inf63,78,4
306,M,2010-01,gsi014,41,12
66,M,2011-01,gsi014,8,12
66,M,2010-02,inf63,46,2
683,F,2012-02,gsi005,60,4
71,M,2011-01,gsi014,0,40
71,M,2011-02,gsi014,16,32
655,F,2012-02,gsi005,24,4
655,F,2014-02,gsi015,0,38
655,F,2014-01,gsi015,0,16
1002,F,2010-01,gsi014,60,0
64,M,2011-01,gsi014,21,12
64,M,2010-02,inf63,10,8
863,M,2009-01,gem03,86,2
1004,M,2010-01,gsi014,68,0
862,M,2009-01,gem03,81,0
1003,M,2010-01,gsi014,60,0
407,M,2017-02,ggi017,72,2
407,M,2016-02,ggi017,40,8
60,F,2011-01,gsi014,24,10
60,F,2010-02,inf63,48,4
771,M,2014-01,gsi005,0,28
658,M,2012-02,gsi005,26,8
658,M,2013-01,gsi005,40,16
671,M,2012-02,gsi005,61,4
671,M,2014-01,gsi015,76,6
671,M,2013-02,gsi015,3,15
670,F,2012-02,gsi005,5,24
691,M,2012-02,gsi005,14,12
691,M,2014-01,gsi005,0,38
656,F,2012-02,gsi005,60,8
651,M,2012-02,gsi005,60,4
651,M,2014-01,gsi015,4,6
301,F,2010-02,inf63,67,2
301,F,2010-01,gsi014,41,6
1001,M,2010-01,gsi014,79,0
57,M,2011-01,gsi014,45,12
57,M,2010-02,inf63,16,16
57,M,2010-01,gsi014,1,26
688,M,2012-02,gsi005,0,72
302,M,2010-02,inf63,15,8
998,F,2010-01,gsi014,83,4
997,F,2010-01,gsi014,60,0
1000,M,2010-01,gsi014,60,6
181,M,2009-01,inf63,0,60
181,M,2010-01,inf63,0,38
181,M,2009-02,inf63,10,46
999,F,2010-01,gsi014,39,6
503,F,2015-02,gsi015,0,22
503,F,2014-01,gsi005,0,10
996,F,2010-01,gsi014,60,8
995,M,2010-01,gsi014,65,4
760,M,2014-01,gsi005,13,20
650,M,2012-02,gsi005,60,2
650,M,2014-01,gsi015,70,4
777,M,2014-01,gsi005,0,24
758,F,2014-01,gsi005,73,4
773,M,2014-01,gsi005,30,12
663,M,2012-02,gsi005,70,0
663,M,2014-01,gsi015,72,8
663,M,2013-02,gsi015,29,4
689,M,2012-02,gsi005,87,8
689,M,2013-02,gsi015,85,16
687,M,2012-02,gsi005,25,22
677,M,2012-02,gsi005,60,8
353,M,2012-02,gsi015,48,4
353,M,2013-01,gsi015,60,8
654,M,2012-02,gsi005,60,8
690,F,2012-02,gsi005,60,12
690,F,2013-02,gsi015,71,18
675,F,2012-02,gsi005,80,6
279,M,2010-02,inf63,0,24
278,M,2010-02,inf63,6,38
0,M,2009-01,gem03,42,27
0,M,2009-02,gem03,43,34
888,M,2009-01,gem03,84,0
1007,M,2010-01,gsi014,60,4
880,M,2009-01,gem03,80,6
877,F,2009-01,gem03,60,0
316,M,2010-02,inf63,64,2
885,M,2009-01,gem03,65,0
882,F,2009-01,gem03,66,3
285,M,2010-02,inf63,78,12
285,M,2010-01,inf63,30,4
684,M,2012-02,gsi005,20,6
964,M,2010-01,inf63,2,6
674,F,2012-02,gsi005,71,0
984,M,2010-01,inf63,1,20
387,F,2012-02,gsi015,8,16
653,M,2012-02,gsi005,71,0
653,M,2014-01,gsi015,0,38
653,M,2013-02,gsi015,41,8
660,M,2012-02,gsi005,32,0
660,M,2013-01,gsi005,29,2
673,M,2012-02,gsi005,12,10
976,M,2010-01,inf63,39,10
1006,M,2010-01,gsi014,60,0
872,M,2009-01,gem03,23,3
871,M,2009-01,gem03,90,0
1005,M,2010-01,gsi014,61,4
314,F,2010-02,inf63,40,10
314,F,2011-02,gsi014,61,8
875,M,2009-01,gem03,92,2
75,M,2011-01,gsi014,23,12
75,M,2010-02,inf63,7,2
75,M,2011-02,gsi014,60,4
868,M,2009-01,gem03,76,3
307,M,2010-02,inf63,60,2
307,M,2010-01,gsi014,37,14
350,M,2012-02,gsi015,25,8
350,M,2015-01,gsi015,0,62
311,M,2010-02,inf63,60,4
870,M,2009-01,gem03,51,0
870,M,2009-02,gem03,88,11
869,M,2009-01,gem03,71,0
864,M,2009-01,gem03,93,6
867,M,2009-01,gem03,60,0
865,M,2009-01,gem03,77,3
681,F,2012-02,gsi005,60,4
681,F,2013-02,gsi015,0,14
665,M,2012-02,gsi005,60,8
662,M,2012-02,gsi005,60,10
662,M,2014-01,gsi015,64,8
662,M,2013-02,gsi015,40,10
686,M,2012-02,gsi005,6,6
693,M,2012-02,gsi005,12,8
652,M,2012-02,gsi005,11,6
652,M,2013-01,gsi005,41,12
492,M,2015-02,gsi015,50,18
492,M,2014-01,gsi015,0,28
484,M,2015-02,gsi015,33,12
484,M,2015-02,gsi037,92,8
484,M,2012-02,gsi005,22,0
484,M,2014-02,gsi015,7,12
484,M,2014-01,gsi015,5,8
962,M,2009-02,gem03,0,0
105,F,2016-02,gsi015,80,0
557,F,2015-01,gfm015,4,12
480,M,2015-02,gsi015,88,4
480,M,2014-02,gsi015,33,8
81,M,2016-02,gsi015,47,2
294,M,2010-02,inf63,86,0
108,M,2016-02,gsi015,61,0
100,M,2016-02,gsi015,15,16
42,M,2011-01,gsi014,24,6
42,M,2010-02,inf63,51,4
42,M,2011-02,gsi014,66,18
961,M,2009-02,gem03,16,18
48,F,2011-01,gsi014,35,8
48,F,2010-02,inf63,28,6
296,M,2010-02,inf63,41,2
295,M,2010-02,inf63,28,4
368,M,2012-02,gsi015,20,26
318,M,2011-02,gsi014,90,0
319,F,2011-02,gsi014,63,0
26,M,2011-01,gsi014,100,10
320,M,2011-02,gsi014,61,0
92,F,2016-02,gsi015,60,4
449,F,2016-02,ggi017,63,14
90,M,2016-02,gsi015,44,6
102,M,2016-02,gsi015,60,1
27,F,2011-01,gsi014,22,12
27,F,2010-02,inf63,28,10
27,F,2011-02,gsi014,60,12
286,F,2010-02,inf63,38,2
39,M,2011-01,gsi014,32,14
321,M,2011-02,gsi014,60,2
291,M,2010-02,inf63,41,0
291,M,2011-02,gsi014,66,6
966,F,2010-01,inf63,71,0
38,M,2011-01,gsi014,10,14
38,M,2011-02,gsi014,11,38
324,M,2011-02,gsi014,28,12
288,M,2010-02,inf63,60,0
12,M,2009-01,gem03,35,6
12,M,2009-02,gem03,62,9
323,M,2011-02,gsi014,74,12
11,M,2009-01,gem03,17,5
11,M,2009-02,gem03,71,4
23,M,2009-01,gem03,61,2
1008,F,2013-02,gsi015,0,40
20,M,2009-01,gem03,70,3
356,F,2012-02,gsi015,62,10
356,F,2011-02,gsi005,60,8
359,M,2012-02,gsi015,94,18
937,M,2009-02,gem03,5,0
6,M,2009-01,gem03,62,0
633,M,2011-02,gsi005,31,24
9,F,2009-01,gem03,78,2
326,M,2011-02,gsi014,33,8
8,M,2009-01,gem03,0,31
753,M,2014-01,gsi005,60,9
776,M,2014-01,gsi005,82,2
732,M,2014-01,gsi005,60,0
732,M,2015-01,gsi015,80,8
113,M,2016-02,gsi015,5,18
113,M,2014-01,gsi005,45,0
764,M,2014-01,gsi005,61,10
61,F,2011-01,gsi014,14,38
61,F,2010-02,inf63,46,0
61,F,2011-02,gsi014,91,4
305,F,2010-02,inf63,42,6
303,M,2010-02,inf63,60,4
752,M,2014-01,gsi005,0,32
56,M,2011-01,gsi014,18,8
56,M,2010-02,inf63,3,18
300,M,2010-02,inf63,1,18
733,M,2014-01,gsi005,0,38
363,F,2012-02,gsi015,18,28
935,M,2009-02,gem03,62,0
918,M,2009-02,gem03,76,3
934,M,2009-02,gem03,47,11
933,M,2009-02,gem03,60,4
329,M,2011-02,gsi014,72,6
558,F,2015-01,gfm015,5,12
104,M,2016-02,gsi015,60,2
462,F,2016-02,ggi017,80,10
738,M,2014-01,gsi005,66,0
738,M,2015-01,gsi015,96,8
731,M,2014-01,gsi005,80,2
731,M,2015-01,gsi015,96,4
741,M,2014-01,gsi005,11,4
507,M,2015-02,gsi015,69,12
507,M,2014-01,gsi005,60,4
766,M,2014-01,gsi005,44,0
742,M,2014-01,gsi005,0,28
328,M,2011-02,gsi014,60,6
471,F,2015-02,gsi015,0,48
471,F,2014-01,gsi005,64,4
755,M,2014-01,gsi005,60,2
755,M,2015-01,gsi015,68,10
51,F,2011-01,gsi014,38,16
51,F,2010-02,inf63,6,12
51,F,2011-02,gsi014,60,14
299,M,2010-02,inf63,60,2
49,F,2011-01,gsi014,44,16
49,F,2010-02,inf63,17,10
49,F,2011-02,gsi014,84,14
298,F,2010-02,inf63,25,4
298,F,2011-02,gsi014,68,8
297,M,2010-02,inf63,47,0
759,M,2014-01,gsi005,60,0
765,M,2014-01,gsi005,88,4
330,M,2011-02,gsi014,55,14
922,M,2009-02,gem03,68,3
926,F,2009-02,gem03,67,7
53,F,2011-01,gsi014,30,16
53,F,2010-02,inf63,30,8
921,M,2009-02,gem03,30,0
919,M,2009-02,gem03,60,0
52,F,2011-01,gsi014,60,2
52,F,2010-02,inf63,49,0
923,M,2009-02,gem03,11,3
