StudentID,Sex,Date,Subject,Grade,Attendence,pred_percep,pred_LR,LR_P/F
173,1,200901,3,38,4,25,54.69651033,0
173,1,200902,3,97,6,25,52.22957134,0
312,1,201002,3,45,4,25,55.13621419,0
889,1,200902,0,0,0,25,68.04561389,1
890,0,200902,0,88,3,25,60.96622973,1
405,0,201702,5,3,34,25,9.139808689,0
304,1,201002,3,41,0,25,59.99349207,0
595,1,201302,9,41,0,25,54.82389251,0
595,1,201301,9,20,2,25,52.37008388,0
80,1,201101,1,22,8,25,49.5611442,0
80,1,201002,3,40,8,25,48.37484402,0
80,1,201102,1,77,14,25,42.17345759,0
520,1,201502,7,0,60,25,-19.05913336,0
249,1,201101,4,89,7,25,49.37775031,0
315,1,201002,3,60,2,25,57.62038915,0
247,0,201101,4,63,3,25,50.88587333,0
245,1,201101,4,0,37,25,12.4404083,0
232,1,201101,4,97,0,25,57.85418544,0
313,1,201002,3,0,22,25,33.00078362,0
233,1,201101,4,93,0,25,57.86211916,0
253,1,201101,4,82,0,25,58.02079352,0
252,1,201101,4,96,4,25,53.09211218,0
1012,1,201302,2,9,36,25,20.2724089,0
237,1,201101,4,90,1,25,56.66366712,0
236,1,201101,4,70,1,25,56.65573341,0
309,1,201002,3,60,2,25,57.57278685,0
795,1,201401,2,70,6,25,54.80644669,0
795,1,201301,9,74,0,25,56.41720126,0
308,1,201002,3,60,4,25,55.10447932,0
829,1,201301,9,6,30,25,19.78134053,0
703,1,201402,2,60,4,25,56.53035328,0
703,1,201301,9,60,2,25,53.22692541,0
226,1,201101,4,40,2,25,55.34620932,0
225,1,201101,4,75,0,25,57.79864941,0
224,1,201101,4,84,0,25,57.7907157,0
339,1,201102,1,40,6,25,54.06978576,0
65,1,201101,1,50,0,25,59.28363367,0
161,1,200901,3,68,0,25,59.52205333,0
228,1,201101,4,98,0,25,57.82245057,0
227,1,201101,4,69,0,25,57.81451685,0
498,1,201502,2,74,10,25,46.86630194,0
498,1,201501,2,50,4,25,54.25398855,0
498,1,201301,9,60,2,25,51.60051324,0
538,1,201502,7,84,4,25,49.97414022,0
231,1,201101,4,85,2,25,55.38587791,0
818,1,201301,9,67,6,25,49.21855535,0
230,1,201101,4,82,0,25,57.838318,0
500,1,201502,2,60,14,25,41.96142176,0
500,1,201501,2,43,8,25,49.34910836,0
500,1,201301,9,60,2,25,51.61638068,0
229,1,201101,4,95,1,25,56.60019738,0
310,1,201002,3,60,4,25,55.12034676,0
840,1,201301,9,0,38,25,10.02711619,0
212,1,201101,4,60,4,25,52.77476346,0
824,1,201301,9,60,4,25,51.72653146,0
837,1,201301,9,36,2,25,54.2900436,0
235,1,201101,4,60,0,25,57.87798659,0
234,1,201101,4,3,13,25,41.87762311,0
220,1,201101,4,26,12,25,42.99673797,0
213,0,201101,4,33,0,25,54.30668763,0
250,1,201101,4,33,0,25,57.99699236,0
436,1,201702,6,10,26,25,21.70587998,0
805,1,201401,2,81,4,25,57.34615768,0
805,1,201301,9,70,0,25,56.49653844,0
246,1,201101,4,90,0,25,57.96525749,0
443,1,201702,6,19,22,25,26.68216362,0
616,1,201302,9,29,4,25,50.06975296,0
616,1,201301,9,40,12,25,40.2348229,0
244,1,201101,4,47,4,25,53.02864244,0
832,0,201301,9,29,10,25,41.01212261,0
243,1,201101,4,61,4,25,53.02070872,0
807,1,201401,2,76,0,25,62.28277274,1
807,1,201301,9,71,2,25,54.05203207,0
702,1,201402,2,81,2,25,58.98279337,0
702,1,201301,9,60,4,25,50.75861788,0
800,1,201401,2,14,10,25,49.92536766,0
800,1,201501,2,60,10,25,49.26884992,0
800,1,201301,9,60,8,25,46.61537461,0
510,1,201502,2,0,46,25,2.674777985,0
510,1,201301,9,38,16,25,34.47310119,0
433,1,201702,6,0,22,25,26.60282644,0
586,1,201302,9,30,0,25,54.75248905,0
586,1,201301,9,36,16,25,35.07606375,0
794,1,201401,2,85,4,25,57.25888679,0
794,1,201301,9,73,0,25,56.40926754,0
238,1,201101,4,0,45,25,2.543377036,0
825,1,201301,9,60,0,25,56.6552128,0
248,1,201101,4,70,0,25,57.98112493,0
241,0,201101,4,44,5,25,48.37789721,0
240,1,201101,4,91,0,25,57.91765518,0
920,1,200902,0,0,0,25,68.29155915,1
239,1,201101,4,8,30,25,21.00411432,0
844,1,201301,9,29,8,25,46.9644582,0
705,1,201402,2,76,8,25,51.6254731,0
705,1,201301,9,60,2,25,53.24279284,0
831,1,201301,9,7,18,25,34.55945082,0
256,0,201101,4,69,6,25,47.26671607,0
704,1,201402,2,63,5,25,55.30810009,0
704,1,201301,9,63,6,25,48.31411151,0
458,1,201602,5,68,2,25,52.9795516,0
836,0,201301,9,50,4,25,48.42497891,0
785,1,201401,2,28,22,25,35.04411904,0
785,1,201301,9,38,6,25,48.95674266,0
796,1,201401,2,83,4,25,57.27475422,0
796,1,201301,9,84,0,25,56.42513498,0
826,1,201301,9,3,52,25,-7.306572527,0
489,1,201502,2,60,4,25,54.17601991,0
489,1,201501,2,25,6,25,51.72221127,0
816,0,201301,9,47,4,25,48.26630455,0
802,1,201401,2,87,0,25,62.24310415,1
802,1,201301,9,69,2,25,54.01236348,0
819,0,201301,9,49,4,25,48.2901057,0
251,1,201101,4,0,20,25,33.40118799,0
838,1,201301,9,67,12,25,41.99610828,0
787,1,201401,2,0,54,25,-4.305994475,0
787,1,201301,9,63,4,25,51.4329839,0
797,1,201401,2,86,6,25,54.82231413,0
797,1,201301,9,80,4,25,51.51232108,0
789,1,201401,2,0,6,25,54.75884439,0
789,1,201301,9,44,0,25,56.36959896,0
806,1,201401,2,71,4,25,57.3540914,0
806,1,201301,9,75,0,25,56.50447216,0
450,1,201602,5,5,16,25,35.69346519,0
851,1,201301,2,62,0,25,63.28837407,1
906,1,200902,0,27,34,25,26.35413234,0
916,1,200902,0,0,0,25,68.25982428,1
833,1,201301,9,47,0,25,56.71868254,0
103,1,201602,2,0,10,25,43.07596563,0
404,1,201702,5,11,20,25,29.75124881,0
463,1,201602,5,18,6,25,48.09847257,0
255,1,201101,4,65,0,25,58.03666095,0
254,0,201101,4,38,10,25,42.33010102,0
713,1,201402,4,42,0,25,59.69418533,0
715,0,201402,4,50,4,25,51.39254798,0
242,0,201101,4,14,4,25,49.61601783,0
421,0,201702,6,11,16,25,30.49198609,0
437,0,201702,6,12,12,25,35.53967319,0
821,1,201301,9,56,4,25,51.70273031,0
416,1,201702,5,73,10,25,42.14832247,0
440,0,201702,6,12,24,25,20.80123149,0
710,1,201402,4,13,24,25,30.14589847,0
791,1,201401,2,67,6,25,54.77471182,0
791,1,201301,9,72,0,25,56.38546639,0
420,1,201702,6,18,14,25,36.34118335,0
603,1,201302,9,30,30,25,17.98175511,0
603,1,201301,9,33,8,25,45.05243219,0
707,1,201402,4,77,2,25,57.18620922,0
614,1,201302,9,0,58,25,-16.37620733,0
614,1,201301,9,0,58,25,-16.36964215,0
725,1,201402,4,31,16,25,40.10639947,0
830,1,201301,9,49,10,25,44.39301234,0
828,1,201301,9,26,48,25,-2.369957473,0
792,1,201401,2,90,2,25,59.70339316,0
792,1,201301,9,79,4,25,51.47265249,0
886,1,200901,0,78,0,25,68.02837792,1
696,1,201402,2,60,18,25,39.25220059,0
696,1,201401,2,46,10,25,49.100261,0
696,1,201301,9,60,0,25,55.63176319,0
712,0,201402,4,39,12,25,41.52725159,0
716,1,201402,4,85,10,25,47.41611744,0
936,0,200902,0,60,11,25,51.48968551,0
722,1,201402,4,37,2,25,57.30521499,0
425,1,201702,6,90,0,25,53.6034686,0
723,1,201402,4,79,8,25,49.93202727,0
452,1,201602,5,12,22,25,28.3282112,0
708,1,201402,4,65,8,25,49.81302151,0
719,1,201402,4,56,12,25,44.97954478,0
717,1,201402,4,47,2,25,57.2655464,0
441,1,201702,6,1,8,25,43.88891285,0
834,1,201301,9,28,20,25,32.12287817,0
412,0,201702,5,1,30,25,14.11609233,0
412,0,201602,5,0,24,25,22.15373151,0
429,1,201702,6,10,4,25,48.71445586,0
835,0,201301,9,66,0,25,53.33779281,0
820,1,201301,9,0,78,25,-39.33903436,0
442,0,201702,6,0,28,25,15.89635131,0
424,1,201702,6,18,36,25,9.308806316,0
808,0,201501,2,60,8,25,48.3959363,0
808,0,201301,9,63,2,25,50.66320862,0
720,1,201402,4,94,4,25,54.82897374,0
817,1,201301,9,0,78,25,-39.36283551,0
793,1,201401,2,80,8,25,52.33020545,0
793,1,201301,9,80,4,25,51.48058621,0
431,1,201702,6,0,38,25,6.903968532,0
419,0,201702,6,0,36,25,5.872380558,0
432,1,201702,6,34,8,25,43.81750939,0
728,1,201402,4,32,6,25,52.43206967,0
729,1,201402,4,41,12,25,45.05888196,0
718,1,201402,4,69,6,25,52.35273249,0
699,1,201402,2,64,0,25,61.41936603,1
699,1,201301,9,66,0,25,55.65556435,0
724,1,201402,4,81,2,25,57.32108242,0
843,1,201301,9,60,16,25,37.11502925,0
414,0,201702,5,18,16,25,31.35457643,0
414,0,201602,5,4,20,25,27.09034656,0
427,1,201702,6,9,8,25,43.7778408,0
454,1,201602,5,0,34,25,13.58183578,0
417,0,201702,6,12,14,25,32.92062503,0
822,0,201301,9,38,20,25,28.63091638,0
965,1,201001,3,0,10,25,52.94237572,0
269,1,201002,3,60,18,25,37.57244766,0
900,1,200902,0,46,0,25,68.13288479,1
501,1,201502,2,0,42,25,7.524122143,0
903,1,200902,0,0,0,25,68.15668594,1
896,1,200902,0,9,15,25,49.64834635,0
504,1,201502,2,0,38,25,12.46867092,0
106,0,201602,2,3,6,25,44.62375723,0
468,0,201502,2,61,2,25,53.07302847,0
509,1,201502,2,0,34,25,17.42908712,0
527,0,201502,7,82,16,25,31.7278693,0
784,1,201401,2,0,34,25,20.27394247,0
784,1,201301,9,26,14,25,39.1073137,0
672,1,201202,9,70,4,25,51.17055891,0
672,1,201401,2,79,4,25,56.2909732,0
672,1,201302,2,2,13,25,45.86924363,0
518,1,201502,7,92,8,25,44.89471825,0
518,1,201401,2,80,4,25,55.06918065,0
502,1,201502,2,88,0,25,59.19990586,0
127,1,201602,2,37,22,25,28.504132,0
827,0,201301,9,56,6,25,45.89320164,0
811,1,201501,2,38,8,25,51.81649463,0
117,0,201602,2,3,30,25,15.18654242,0
117,0,201502,2,9,22,25,25.6845554,0
486,0,201502,2,66,4,25,50.75546158,0
1014,1,201302,2,60,2,25,62.1146311,1
1009,1,201302,2,60,8,25,54.69384108,0
536,1,201502,7,83,24,25,25.35453469,0
680,1,201202,9,60,6,25,48.77365484,0
680,1,201302,2,77,6,25,54.5440217,0
661,1,201202,9,5,24,25,26.47954992,0
678,0,201202,9,60,4,25,47.82140405,0
678,0,201501,2,6,22,25,30.14193631,0
678,0,201302,2,11,12,25,43.75027567,0
609,1,201302,9,0,54,25,-11.4951283,0
609,1,201202,9,15,18,25,33.44811802,0
276,0,201002,3,10,23,25,28.08029199,0
210,1,200901,3,60,14,25,42.68818884,0
280,1,201002,3,42,10,25,47.50121379,0
94,0,201602,2,14,6,25,44.52855262,0
476,1,201502,2,50,15,25,40.54082562,0
679,1,201202,9,67,10,25,43.84497351,0
679,1,201401,2,70,14,25,44.04464018,0
679,1,201302,2,37,6,25,54.53608799,0
664,1,201202,9,60,4,25,51.10708917,0
694,1,201202,9,60,2,25,53.80547451,0
694,1,201302,2,60,14,25,44.81359852,0
676,0,201202,9,60,12,25,37.96404138,0
659,1,201202,9,79,10,25,43.68629915,0
657,0,201202,9,83,10,25,40.27367454,0
657,0,201401,2,69,10,25,45.39408884,0
657,0,201302,2,2,28,25,23.90067712,0
682,0,201202,9,16,4,25,47.85313892,0
667,1,201202,9,15,16,25,36.36864746,0
282,1,201002,3,60,12,25,45.05670742,0
927,0,200902,0,78,3,25,61.25977729,1
925,0,200902,0,54,6,25,57.55334914,0
907,1,200902,0,51,3,25,64.4978601,1
508,1,201502,2,66,2,25,56.78713436,0
123,1,201602,2,17,16,25,35.85351856,0
924,0,200902,0,65,3,25,61.23597614,1
85,0,201602,2,0,12,25,37.07602773,0
685,0,201202,9,23,12,25,38.03544484,0
685,0,201401,2,0,38,25,11.17099961,0
685,0,201301,9,25,18,25,30.00437084,0
666,0,201202,9,18,14,25,35.42433039,0
666,0,201501,2,70,6,25,49.72972217,0
666,0,201302,2,7,10,25,46.11544487,0
669,1,201202,9,61,4,25,51.14675776,0
669,1,201302,2,69,10,25,49.53600319,0
517,1,201502,7,37,28,25,20.28304643,0
845,0,201301,2,32,38,25,13.09691221,0
692,0,201202,9,24,6,25,45.47210229,0
692,0,201301,9,18,68,25,-31.44943837,0
668,1,201202,9,31,0,25,56.05957166,0
986,1,201001,1,87,8,25,57.40561035,0
985,1,201001,1,75,4,25,62.31842425,1
31,1,201101,1,25,4,25,54.09313964,0
31,1,201002,3,3,14,25,40.60497042,0
31,1,201102,1,60,10,25,46.70545304,0
29,1,201101,1,23,0,25,58.99801982,0
29,1,201002,3,12,8,25,47.97022441,0
29,1,201102,1,22,22,25,31.92734274,0
25,1,201101,1,60,0,25,58.96628495,0
25,1,201002,3,28,11,25,44.24792882,0
183,1,200901,3,41,4,25,54.77584751,0
183,1,200902,3,73,10,25,47.3881609,0
532,1,201502,7,71,4,25,49.92653792,0
697,1,201402,2,81,8,25,51.56200335,0
535,1,201502,7,80,5,25,48.72015216,0
638,1,201102,9,60,12,25,41.71583501,0
638,1,201302,2,60,4,25,56.67117936,0
370,1,201202,2,8,18,25,37.97884405,0
627,1,201102,9,26,22,25,29.32669507,0
514,1,201502,7,72,14,25,37.48186195,0
352,0,201202,2,0,72,25,-31.9908129,0
135,1,200901,3,29,0,25,59.31577667,0
135,1,200902,3,1,2,25,56.84883768,0
474,0,201502,2,7,14,25,38.35838792,0
994,1,201001,1,33,2,25,64.85020152,1
993,1,201001,1,95,0,25,67.30264161,1
898,1,200902,0,0,11,25,54.5849614,0
992,0,201001,1,60,10,25,51.59608168,0
293,1,201002,3,60,2,25,57.44584736,0
293,1,201001,1,35,2,25,59.28866528,0
46,1,201101,1,39,2,25,56.67251922,0
46,1,201002,3,31,2,25,55.48621904,0
41,0,201101,1,25,26,25,23.71160775,0
41,0,201002,3,15,10,25,42.20829805,0
41,0,201001,1,2,16,25,36.66999454,0
990,1,201001,1,90,0,25,67.27884046,1
45,1,201101,1,30,4,25,54.20421169,0
45,1,201002,3,2,6,25,50.55753771,0
45,1,201102,1,18,26,25,27.13353461,0
892,1,200902,0,60,0,25,68.06941505,1
910,1,200902,0,60,0,25,68.21222197,1
991,1,201001,1,91,2,25,64.82640037,1
214,0,201101,4,43,1,25,53.08443444,0
915,1,200902,0,80,3,25,64.56132984,1
891,0,200902,0,55,4,25,59.74397654,0
913,1,200902,0,77,2,25,65.77564931,1
914,0,200902,0,65,7,25,56.23589134,0
218,1,201101,4,98,0,25,57.74311339,0
217,1,201101,4,71,4,25,52.81443205,0
216,0,201101,4,52,5,25,48.17955426,0
215,1,201101,4,94,0,25,57.71931224,0
223,1,201101,4,93,3,25,54.09222126,0
222,1,201101,4,94,3,25,54.08428755,0
221,1,201101,4,96,0,25,57.76691454,0
219,1,201101,4,30,13,25,41.75861735,0
909,1,200902,0,88,0,25,68.20428825,1
988,1,201001,1,50,12,25,52.50073017,0
292,1,201002,3,37,6,25,52.51716602,0
292,1,201001,1,21,4,25,56.82035776,0
912,1,200902,0,87,0,25,68.2280894,1
905,1,200902,0,62,2,25,65.71217957,1
908,1,200902,0,91,3,25,64.50579382,1
989,1,201001,1,79,14,25,50.04829008,0
34,1,201101,1,31,2,25,56.5773146,0
34,1,201002,3,3,0,25,57.85138824,0
987,1,201001,1,72,0,25,67.25503931,1
632,1,201102,9,44,16,25,36.74748508,0
287,1,201002,3,64,2,25,57.39824505,0
287,1,201001,1,50,6,25,54.32031536,0
904,1,200902,0,74,4,25,63.24387204,1
446,1,201702,6,25,16,25,34.0870862,0
290,1,201002,3,69,2,25,57.42204621,0
290,1,201502,7,79,8,25,43.08583057,0
901,1,200902,0,54,0,25,68.14081851,1
289,1,201002,3,0,16,25,40.19149582,0
902,1,200902,0,79,0,25,68.14875223,1
897,1,200902,0,80,3,25,64.41852292,1
899,1,200902,0,83,0,25,68.12495107,1
894,0,200902,0,96,0,25,64.68852531,1
895,1,200902,0,66,0,25,68.0932162,1
459,1,201602,5,1,38,25,8.70075675,0
874,1,200901,0,0,52,25,3.963454258,0
721,1,201402,4,39,2,25,57.29728127,0
709,1,201402,4,60,18,25,37.51908618,0
87,1,201602,2,43,0,25,55.25089519,0
726,1,201402,4,43,8,25,49.95582843,0
461,0,201602,5,0,38,25,5.319867016,0
466,1,201602,5,89,10,25,43.20152611,0
566,1,201501,8,65,6,25,46.82434932,0
636,1,201102,9,60,8,25,46.62071519,0
635,0,201102,9,68,6,25,45.67639811,0
637,1,201102,9,12,12,25,41.70790129,0
637,1,201301,2,78,8,25,51.7490632,0
364,1,201202,2,99,8,25,50.23311079,0
364,1,201102,9,71,2,25,51.84386535,0
400,0,201702,5,0,46,25,-5.662102757,0
358,1,201202,2,28,8,25,50.18550848,0
358,1,201102,9,33,2,25,51.79626305,0
361,1,201202,2,60,2,25,57.59043106,0
361,1,201502,7,64,14,25,36.26800311,0
361,1,201102,9,60,0,25,54.28043801,0
360,1,201202,2,22,8,25,50.20137591,0
360,1,201102,9,60,8,25,44.43100905,0
360,1,201501,2,60,10,25,45.77801405,0
360,1,201301,2,17,8,25,49.55142335,0
360,1,201302,2,8,16,25,39.70336293,0
972,1,201001,3,29,26,25,33.31492127,0
258,1,201002,3,31,18,25,37.48517676,0
258,1,201001,3,4,10,25,47.33323717,0
974,1,201001,3,60,4,25,60.39490061,1
982,1,201001,3,60,8,25,55.53762274,0
411,1,201702,5,75,0,25,54.41052292,0
409,1,201702,5,16,22,25,27.33054359,0
366,1,201202,2,72,6,25,52.70935203,0
366,1,201502,7,64,16,25,33.84729789,0
366,1,201102,9,61,10,25,42.01823755,0
365,1,201202,2,27,16,25,40.39954927,0
640,1,201102,9,25,2,25,54.03357149,0
371,1,201202,2,19,8,25,50.28864681,0
371,1,201102,9,60,0,25,54.35977519,0
371,1,201401,2,12,28,25,24.37843841,0
371,1,201501,2,0,42,25,6.499303995,0
371,1,201301,2,25,8,25,49.63869424,0
266,0,201002,3,60,8,25,46.45375838,0
266,0,201502,7,81,12,25,34.57791655,0
369,1,201202,2,15,32,25,20.74829366,0
369,1,201502,2,74,8,25,48.30322614,0
369,1,201102,9,70,2,25,51.88353394,0
426,1,201702,6,0,30,25,16.70579518,0
367,1,201202,2,60,2,25,57.63803337,0
367,1,201102,9,75,2,25,51.86766651,0
448,0,201702,6,15,6,25,43.00806552,0
639,1,201102,9,14,6,25,49.10489016,0
639,1,201401,2,0,24,25,31.42542242,0
639,1,201301,2,0,26,25,29.62156635,0
272,1,201002,3,41,26,25,27.75475357,0
505,1,201502,2,60,4,25,54.30295939,0
478,1,201502,2,60,14,25,41.78687996,0
478,1,201501,2,45,12,25,44.25381895,0
275,0,201002,3,60,2,25,53.90628327,0
274,1,201002,3,38,18,25,37.61211625,0
126,1,201602,2,12,12,25,40.79806733,0
495,1,201502,2,77,4,25,54.22362221,0
487,1,201502,2,92,2,25,56.62052628,0
401,0,201702,5,2,40,25,1.726952389,0
401,0,201702,6,0,38,25,3.269199826,0
374,0,201202,2,77,18,25,34.61382175,0
374,0,201102,9,80,2,25,48.52644536,0
399,1,201702,5,0,44,25,0.187094503,0
373,0,201202,2,5,28,25,22.30401898,0
373,0,201502,2,54,4,25,49.85895146,0
373,0,201102,9,60,10,25,38.67701641,0
455,0,201602,5,84,6,25,44.63824566,0
36,1,201101,1,83,0,25,59.05355585,0
37,1,201101,1,60,2,25,56.60111576,0
325,1,201102,1,46,4,25,56.41908752,0
325,1,201202,2,18,18,25,37.62182674,0
325,1,201302,2,0,42,25,7.440823284,0
438,1,201702,6,61,4,25,48.78585932,0
362,1,201202,2,25,4,25,55.13799097,0
362,1,201301,2,67,7,25,50.79747769,0
43,1,201101,1,37,4,25,54.18834426,0
444,1,201702,6,42,6,25,46.37308782,0
327,0,201102,1,37,16,25,38.27595493,0
428,1,201702,6,11,24,25,24.10278404,0
506,1,201502,2,64,4,25,54.31089311,0
472,1,201502,2,71,6,25,51.58077289,0
481,1,201502,2,77,4,25,54.11255016,0
44,1,201101,1,39,6,25,51.73590416,0
445,1,201702,6,62,6,25,46.38102153,0
422,1,201702,6,7,20,25,28.97592936,0
439,1,201702,6,1,24,25,24.19005494,0
423,1,201702,6,7,8,25,43.74610593,0
413,0,201702,5,0,39,25,3.052343908,0
628,0,201102,9,60,10,25,40.70011447,0
628,0,201401,2,13,30,25,20.56027292,0
628,0,201501,2,0,60,25,-17.00185196,0
628,0,201302,2,0,28,25,23.6705993,0
570,1,201302,9,27,4,25,49.70480194,0
570,1,201102,9,33,12,25,41.17634219,0
570,1,201402,2,0,38,25,13.64881404,0
630,1,201102,9,60,2,25,53.95423431,0
630,1,201401,2,60,6,25,53.49738324,0
630,1,201301,2,25,6,25,54.15390099,0
630,1,201302,2,36,8,25,51.686962,0
572,1,201302,9,10,32,25,15.27543605,0
572,1,201102,9,24,14,25,38.73183582,0
28,1,201101,1,35,0,25,58.99008611,0
28,1,201102,1,64,4,25,54.06277331,0
30,1,201101,1,47,2,25,56.54557973,0
30,1,201102,1,88,4,25,54.07864075,0
84,1,201602,2,35,14,25,38.00447737,0
84,1,201202,2,10,16,25,38.17017454,0
84,1,201301,2,10,44,25,3.07498864,0
626,1,201102,9,60,18,25,34.23950897,0
626,1,201302,2,60,14,25,44.2741057,0
322,1,201102,1,22,6,25,53.93491256,0
322,1,201202,2,0,72,25,-28.83206727,0
322,1,201302,2,2,24,25,29.56038641,0
477,0,201502,2,82,0,25,55.60480574,0
485,1,201502,2,78,0,25,59.06503265,0
511,1,201502,2,78,0,25,59.27130932,0
469,1,201502,2,65,2,25,56.47771936,0
119,1,201602,2,0,30,25,18.59916702,0
119,1,201502,2,21,20,25,31.55755381,0
470,1,201502,2,70,18,25,36.8026626,0
32,1,201101,1,44,0,25,59.02182098,0
418,0,201702,6,15,6,25,42.77005398,0
434,0,201702,6,65,4,25,45.35736728,0
33,1,201101,1,71,6,25,51.64863327,0
35,1,201101,1,60,0,25,59.04562213,0
354,0,201202,2,53,4,25,51.67776406,0
354,0,201102,9,60,0,25,50.82814482,0
354,0,201301,2,60,2,25,53.4881853,0
631,1,201102,9,22,26,25,24.43768232,0
357,1,201202,2,0,48,25,0.970098573,0
357,1,201102,9,100,2,25,51.78832933,0
357,1,201301,2,0,72,25,-29.20433971,0
866,1,200901,0,60,0,25,67.86970356,1
355,1,201202,2,95,6,25,52.62208113,0
355,1,201502,7,81,2,25,50.98264366,0
355,1,201102,9,60,8,25,44.39134047,0
403,1,201702,5,16,10,25,42.04518413,0
629,1,201102,9,70,2,25,53.9463006,0
629,1,201301,2,72,14,25,44.30447203,0
813,1,201501,2,21,16,25,41.99086682,0
813,1,201301,9,60,0,25,56.56000818,0
854,1,201301,2,60,12,25,48.54993237,0
649,1,201102,9,60,6,25,49.18422733,0
62,1,201101,1,61,0,25,59.25983251,0
335,1,201102,1,44,6,25,54.03805089,0
394,1,201202,2,91,0,25,60.31261756,1
394,1,201102,9,60,0,25,54.5422507,0
336,1,201102,1,53,16,25,41.74411556,0
646,0,201102,9,63,4,25,48.22404282,0
786,1,201401,2,14,16,25,42.43317419,0
786,1,201301,9,60,0,25,56.3457978,0
63,1,201101,1,30,2,25,56.80739242,0
63,1,201102,1,60,4,25,54.34045344,0
645,1,201102,9,60,12,25,41.77137103,0
645,1,201301,2,71,14,25,44.43141152,0
801,1,201401,2,0,14,25,45.01255376,0
801,1,201301,9,35,22,25,29.40069167,0
338,0,201102,1,72,14,25,40.82359964,0
647,0,201102,9,41,0,25,53.15272416,0
647,0,201401,2,67,4,25,52.69587309,0
647,0,201301,2,3,36,25,13.98640988,0
647,0,201302,2,4,12,25,43.50433042,0
67,0,201101,1,21,6,25,48.52162251,0
67,0,201102,1,52,8,25,46.05468352,0
395,1,201202,2,50,4,25,55.39980366,0
395,1,201102,9,60,4,25,49.6294368,0
395,1,201301,2,61,8,25,49.82910347,0
782,1,201401,2,68,12,25,47.32218693,0
782,1,201301,9,69,6,25,48.9329415,0
392,1,201202,2,63,4,25,55.37600251,0
392,1,201102,9,66,4,25,49.60563565,0
393,1,201202,2,34,8,25,50.4631886,0
393,1,201102,9,60,4,25,49.61356936,0
393,1,201302,2,60,2,25,57.18779229,0
893,1,200902,0,43,14,25,50.8547321,0
523,1,201502,7,50,12,25,40.01363922,0
68,1,201101,1,46,8,25,49.46593958,0
68,1,201102,1,65,18,25,37.15750536,0
798,1,201401,2,96,4,25,57.29062166,0
798,1,201301,9,93,2,25,53.98062861,0
701,0,201402,2,8,16,25,38.35548582,0
701,0,201501,2,74,6,25,50.0074023,0
701,0,201301,9,60,4,25,47.35392699,0
842,1,201301,9,44,8,25,46.94859077,0
47,1,201101,1,74,8,25,49.29933151,0
490,1,201502,2,93,12,25,44.34245839,0
490,1,201301,9,60,0,25,53.99741731,0
50,1,201101,1,72,12,25,44.40238504,0
803,1,201401,2,88,6,25,54.86991644,0
803,1,201301,9,76,2,25,54.0202972,0
714,0,201402,4,20,30,25,19.39975474,0
54,1,201101,1,63,2,25,56.73598896,0
54,1,201502,7,87,6,25,43.67384696,0
55,1,201101,1,60,0,25,59.20429649,0
841,1,201301,9,23,34,25,14.95579753,0
809,1,201501,2,75,8,25,51.80062719,0
809,1,201301,9,61,0,25,56.52827331,0
1016,0,201302,2,27,12,25,46.43187232,0
332,1,201102,1,70,14,25,44.1727545,0
410,1,201702,5,1,38,25,7.655486828,0
381,1,201202,2,5,20,25,35.60574113,0
381,1,201301,2,12,14,25,42.33690999,0
839,1,201301,9,0,58,25,-14.58455562,0
397,1,201202,2,61,10,25,48.03454967,0
397,1,201102,9,63,4,25,49.64530424,0
516,1,201502,7,79,1,25,53.49015914,0
555,0,201501,8,34,14,25,33.49882602,0
475,1,201502,2,42,2,25,56.52532167,0
559,0,201501,8,41,12,25,35.9909347,0
554,0,201501,8,7,31,25,12.57771492,0
58,1,201101,1,33,4,25,54.30735002,0
58,1,201102,1,76,4,25,54.30078485,0
59,1,201101,1,62,4,25,54.31528374,0
823,1,201301,9,30,18,25,34.49598108,0
347,1,201102,1,60,16,25,41.83138646,0
380,1,201202,2,34,6,25,52.82042408,0
380,1,201102,9,60,0,25,54.43117865,0
380,1,201301,2,78,6,25,52.17047151,0
79,1,201101,1,69,7,25,50.78339739,0
379,1,201202,2,31,10,25,47.89174274,0
379,1,201102,9,60,0,25,54.42324493,0
379,1,201302,2,3,4,25,54.61634643,0
467,1,201602,5,0,38,25,8.764226493,0
348,1,201102,1,42,10,25,49.22044161,0
348,1,201502,7,81,12,25,38.62523859,0
382,1,201202,2,46,0,25,60.21741295,1
382,1,201102,9,64,0,25,54.44704609,0
382,1,201401,2,0,56,25,-9.97952403,0
40,1,201101,1,30,0,25,59.08529072,0
40,1,201102,1,60,4,25,54.15797793,0
377,1,201202,2,100,4,25,55.25699674,0
377,1,201102,9,64,6,25,47.02625607,0
457,1,201602,5,60,8,25,45.59049645,0
376,1,201202,2,35,6,25,52.78868921,0
376,1,201102,9,60,0,25,54.39944378,0
376,1,201301,2,60,12,25,44.75761521,0
349,1,201102,1,46,8,25,51.68874913,0
349,1,201202,2,28,16,25,40.27260978,0
188,1,200901,3,66,4,25,54.8155161,0
378,1,201202,2,24,14,25,42.96306141,0
378,1,201502,2,72,4,25,53.29537722,0
378,1,201102,9,49,4,25,49.4945636,0
378,1,201302,2,16,4,25,54.60841271,0
375,1,201202,2,60,2,25,57.70150311,0
375,1,201502,7,81,2,25,51.14131802,0
375,1,201102,9,60,0,25,54.39151006,0
77,1,201101,1,60,10,25,47.07696924,0
109,1,201602,2,11,6,25,48.04431555,0
548,0,201501,8,21,16,25,30.98291618,0
383,1,201202,2,76,2,25,57.76497285,0
383,1,201102,9,73,10,25,42.15311076,0
342,1,201102,1,74,4,25,56.55396073,0
70,1,201101,1,62,4,25,54.40255464,0
390,1,201202,2,35,4,25,55.36013507,0
390,1,201102,9,51,4,25,49.58976821,0
72,1,201101,1,63,3,25,55.64860898,0
391,1,201202,2,19,6,25,52.90769498,0
391,1,201102,9,60,4,25,49.59770193,0
73,1,201101,1,34,8,25,49.50560817,0
451,1,201602,5,3,22,25,28.32027748,0
643,1,201102,9,60,0,25,56.51774646,0
74,1,201101,1,52,0,25,59.35503713,0
385,1,201202,2,88,4,25,55.32046648,0
385,1,201502,7,77,14,25,36.45841234,0
385,1,201102,9,60,8,25,44.629352,0
642,0,201102,9,49,4,25,48.19230795,0
642,0,201301,2,67,8,25,48.39197462,0
76,1,201101,1,36,26,25,27.38604504,0
388,1,201202,2,31,4,25,55.34426763,0
388,1,201102,9,60,2,25,52.03427458,0
386,1,201202,2,16,12,25,45.48690496,0
386,1,201502,2,66,6,25,50.89847315,0
386,1,201102,9,60,6,25,47.09765953,0
386,1,201302,2,8,12,25,44.83038722,0
122,1,201602,2,60,2,25,53.06820151,0
384,1,201202,2,60,10,25,47.93141133,0
384,1,201102,9,34,18,25,32.31954924,0
525,1,201502,7,86,10,25,42.48988046,0
341,1,201102,1,38,16,25,41.78378415,0
69,1,201101,1,34,12,25,44.55312568,0
88,1,201602,2,39,0,25,55.25882891,0
190,0,200901,3,63,12,25,41.59313112,0
19,1,200901,0,61,6,25,53.76872308,0
10,1,200901,0,40,18,25,38.93507676,0
10,1,200902,0,77,9,25,50.00019373,0
13,1,200901,0,35,21,25,35.2683172,0
13,1,200902,0,64,17,25,40.18249964,0
883,0,200901,0,3,6,25,57.22669817,0
879,1,200901,0,61,5,25,61.82190737,1
521,1,201502,7,0,60,25,-19.05119964,0
1013,1,201302,2,0,32,25,25.20109024,0
887,1,200901,0,60,3,25,64.34575092,1
727,1,201402,4,70,18,25,37.6618931,0
873,1,200901,0,9,35,25,24.86869792,0
873,1,200902,0,8,39,25,19.94138512,0
2,1,200901,0,45,15,25,42.56216773,0
2,1,200902,0,71,16,25,41.32541565,0
97,1,201602,2,40,12,25,40.56798951,0
97,1,201301,2,0,34,25,15.47999602,0
78,1,201101,1,12,4,25,54.46602438,0
125,1,201602,2,16,24,25,26.02789076,0
911,1,200902,0,66,14,25,50.99753902,0
192,1,200901,3,0,62,25,-16.50358951,0
1017,1,201302,2,42,4,25,59.67805844,0
512,1,201502,7,0,56,25,-14.20185549,0
163,1,200901,3,4,2,25,57.07754696,0
163,1,200902,3,79,0,25,59.53135559,0
169,1,200901,3,40,2,25,57.12514926,0
169,1,200902,3,88,6,25,52.19783647,0
142,1,200901,3,60,0,25,59.37131269,0
151,1,200901,3,7,20,25,34.83897806,0
151,1,200902,3,53,4,25,54.51540336,0
130,1,200901,3,63,0,25,59.27610808,0
136,1,200901,3,68,4,25,54.40296277,0
132,1,200901,3,67,4,25,54.37122789,0
129,1,200901,3,40,18,25,37.12481007,0
129,1,200902,3,16,18,25,37.1182449,0
150,1,200901,3,17,4,25,54.51403482,0
150,1,200902,3,60,4,25,54.50746964,0
22,1,200901,0,51,0,25,61.17364566,1
22,1,200902,0,60,15,25,42.71427691,0
700,1,201402,2,60,8,25,51.58580451,0
194,1,200901,3,60,16,25,40.10087555,0
534,0,201502,7,72,8,25,41.62490056,0
531,1,201502,7,17,32,25,15.47337087,0
711,0,201402,4,51,6,25,48.9004393,0
331,0,201102,1,85,16,25,38.30768981,0
331,0,201202,2,60,16,25,36.73304569,0
592,1,201302,9,10,16,25,35.11710088,0
333,1,201102,1,46,4,25,56.48255727,0
333,1,201202,2,8,14,25,42.6060441,0
333,1,201401,2,61,12,25,43.7599476,0
780,0,201401,2,7,26,25,26.68694566,0
337,0,201102,1,80,8,25,48.19678735,0
623,1,201302,9,60,4,25,50.12528899,0
623,1,201402,2,60,8,25,50.97490823,0
334,1,201102,1,84,0,25,61.4112386,1
604,1,201302,9,15,0,25,54.89529597,0
606,1,201302,9,0,30,25,18.00555626,0
610,1,201302,9,5,36,25,10.65616971,0
599,1,201302,9,6,10,25,42.55375833,0
599,1,201501,2,0,44,25,5.847817864,0
571,1,201302,9,36,0,25,54.63348328,0
571,1,201402,2,15,4,25,55.48310252,0
571,1,201501,2,50,4,25,54.83314995,0
343,1,201102,1,60,2,25,59.02226825,0
344,1,201102,1,60,12,25,46.72833293,0
608,1,201302,9,1,12,25,40.16478798,0
788,1,201401,2,16,14,25,44.90941543,0
788,1,201302,2,3,14,25,45.559368,0
340,1,201102,1,74,6,25,54.07771948,0
497,0,201502,2,8,16,25,36.08048962,0
577,1,201302,9,68,0,25,54.68108559,0
577,1,201402,2,77,8,25,50.60995721,0
171,0,200901,3,9,30,25,19.2990262,0
171,0,200902,3,0,54,25,-10.23202469,0
600,1,201302,9,68,2,25,52.40318729,0
600,1,201402,2,1,20,25,36.03018986,0
622,1,201302,9,28,7,25,46.42679456,0
587,0,201302,9,27,0,25,51.36366559,0
587,0,201501,2,35,8,25,46.64258465,0
346,1,201102,1,79,10,25,49.20457417,0
853,1,201301,2,81,10,25,51.00237246,0
317,1,201002,3,85,0,25,60.0966304,1
855,1,201301,2,60,16,25,43.63711846,0
389,0,201202,2,0,58,25,-14.47464867,0
804,1,201401,2,61,14,25,45.03635492,0
804,1,201301,2,31,24,25,33.39100361,0
804,1,201302,2,24,30,25,26.00331701,0
939,1,200902,0,29,0,25,68.44229979,1
345,1,201102,1,29,24,25,31.97402379,0
345,1,201202,2,76,18,25,37.7805011,0
522,1,201502,7,81,14,25,37.54533169,0
860,1,201301,2,0,52,25,-0.609941515,0
648,1,201102,9,37,6,25,49.17629362,0
810,1,201501,2,35,8,25,51.80856091,0
550,1,201501,8,98,4,25,49.15778364,0
849,1,201301,2,76,8,25,53.43101139,0
530,0,201502,7,82,12,25,36.67241807,0
530,0,201301,2,88,7,25,48.73358512,0
852,1,201301,2,80,10,25,50.99443874,0
847,1,201301,2,85,4,25,58.33589158,0
605,1,201302,9,0,18,25,32.7598654,0
605,1,201402,2,13,22,25,33.60948464,0
624,1,201302,9,0,34,25,13.22761557,0
598,1,201302,9,3,14,25,37.625077,0
698,1,201402,2,22,16,25,41.72844183,0
698,1,201501,2,0,62,25,-15.51010835,0
607,1,201302,9,17,20,25,30.31535903,0
588,1,201302,9,82,2,25,52.30798267,0
588,1,201402,2,63,10,25,48.23685429,0
594,1,201302,9,11,0,25,54.81595879,0
621,1,201302,9,0,34,25,13.20381441,0
164,1,200901,3,60,2,25,57.08548068,0
619,1,201302,9,2,16,25,35.33131126,0
574,1,201302,9,19,2,25,52.19691062,0
876,1,200901,0,78,0,25,67.94904074,1
134,1,200901,3,5,6,25,51.92672152,0
134,1,200902,3,13,14,25,42.0786611,0
783,0,201401,2,60,10,25,46.39373729,0
783,0,201301,2,4,18,25,37.2087598,0
783,0,201302,2,3,6,25,51.96443748,0
16,1,200901,0,36,7,25,52.51473502,0
16,1,200902,0,65,18,25,38.97611389,0
483,1,201502,2,0,42,25,7.381315221,0
547,0,201501,8,12,12,25,35.89573008,0
568,0,201501,8,18,10,25,38.52271197,0
561,1,201501,8,85,2,25,51.70542835,0
110,0,201602,2,9,10,25,39.73474448,0
533,1,201502,7,73,9,25,43.78353711,0
560,0,201501,8,85,2,25,48.30073746,0
565,0,201501,8,56,4,25,45.88003224,0
881,1,200901,0,10,19,25,44.61515814,0
544,1,201501,8,19,6,25,46.64980753,0
549,1,201501,8,22,8,25,44.22910231,0
15,1,200901,0,0,57,25,-9.002543932,0
551,1,201501,8,97,0,25,54.08646498,0
82,0,201602,2,60,4,25,46.89372181,0
541,0,201501,8,50,8,25,40.76887539,0
260,1,201002,3,60,16,25,39.961418,0
260,1,201001,3,23,8,25,49.80947842,0
569,0,201501,8,31,12,25,36.07027188,0
564,1,201501,8,12,20,25,29.58586522,0
553,0,201501,8,19,8,25,40.86408001,0
556,0,201501,8,15,8,25,40.88788116,0
567,1,201501,8,68,18,25,32.07004018,0
545,0,201501,8,14,8,25,40.80061027,0
552,1,201501,8,20,12,25,39.33215584,0
93,1,201602,2,60,0,25,55.2984975,0
115,1,201602,2,60,2,25,53.01266548,0
563,1,201501,8,50,0,25,54.18166959,0
91,1,201602,2,0,28,25,20.83739673,0
464,1,201602,5,11,24,25,25.963042,0
158,1,200901,3,51,0,25,59.49825218,0
158,1,200902,3,83,10,25,47.18981795,0
166,1,200901,3,39,10,25,47.25985287,0
166,1,200902,3,18,15,25,41.10235317,0
167,1,200901,3,15,0,25,59.56965564,0
167,1,200902,3,67,2,25,57.10271665,0
1015,1,201302,2,2,18,25,42.43957434,0
270,1,201002,3,84,10,25,47.42187661,0
460,1,201602,5,7,30,25,18.55018571,0
21,1,200901,0,0,33,25,20.56954409,0
21,1,200902,0,13,22,25,34.09503486,0
4,1,200901,0,45,2,25,58.57046493,0
4,1,200902,0,60,11,25,47.49221761,0
930,1,200902,0,8,21,25,42.53697133,0
846,1,201301,2,34,4,25,58.32795786,0
846,1,201302,2,60,10,25,50.94027125,0
615,1,201302,9,0,58,25,-16.36827361,0
848,1,201301,2,60,18,25,41.12120863,0
189,1,200901,3,0,54,25,-6.685895422,0
189,1,201002,3,67,16,25,39.39812403,0
189,1,201001,3,0,42,25,7.41982969,0
562,0,201501,8,50,8,25,40.93548347,0
453,0,201602,5,60,5,25,45.85256513,0
543,1,201501,8,0,54,25,-12.40709762,0
546,0,201501,8,21,8,25,40.80854398,0
175,0,200901,3,38,2,25,53.7759944,0
175,0,200902,3,67,4,25,51.30905542,0
191,1,200901,3,54,11,25,46.22800892,0
191,1,200902,3,60,4,25,54.83275207,0
203,1,200901,3,6,10,25,47.55340044,0
203,1,200902,3,0,54,25,-6.581388549,0
179,1,200901,3,46,46,25,3.076262637,0
179,1,200902,3,60,18,25,37.51493079,0
850,1,201301,2,87,10,25,50.9785713,0
211,1,200901,3,32,26,25,27.9338797,0
211,1,201001,3,2,29,25,23.58680124,0
211,1,200902,3,1,52,25,-4.057544996,0
580,1,201302,9,0,40,25,5.497410551,0
580,1,201402,2,0,28,25,26.03002027,0
589,1,201302,9,0,43,25,1.878253298,0
781,1,201401,2,49,20,25,37.47275798,0
435,1,201702,6,46,16,25,33.99981531,0
479,1,201502,2,75,2,25,56.55705654,0
479,1,201302,9,41,2,25,51.44320742,0
209,0,200901,3,60,6,25,49.12499319,0
576,1,201302,9,60,2,25,52.21277806,0
576,1,201501,2,24,10,25,47.49169711,0
581,1,201302,9,15,13,25,38.7203907,0
581,1,201302,2,0,8,25,51.29820982,0
617,1,201302,9,0,30,25,18.09282716,0
1010,0,201302,2,2,8,25,51.30501763,0
524,1,201502,7,78,0,25,54.78381579,0
524,1,201302,2,77,6,25,53.30636171,0
590,1,201302,9,6,4,25,49.8634763,0
406,1,201702,5,0,34,25,12.54449958,0
593,0,201302,9,0,8,25,41.56977266,0
1011,1,201302,2,12,2,25,62.09082994,1
526,1,201502,7,78,16,25,35.11669275,0
526,1,201301,2,84,8,25,50.86842052,0
620,1,201302,9,1,6,25,47.64111403,0
695,0,201402,2,0,34,25,16.16451923,0
695,0,201401,2,0,56,25,-10.8930275,0
515,0,201502,7,79,10,25,39.01378611,0
515,0,201301,2,87,6,25,49.84476626,0
575,1,201302,9,35,4,25,49.74447053,0
575,1,201401,2,0,8,25,50.60065495,0
779,0,201401,2,91,2,25,56.20349766,0
201,1,200901,3,12,50,25,-1.669943188,0
201,1,200902,3,60,18,25,37.68947258,0
529,1,201502,7,4,28,25,20.37825105,0
529,1,201302,9,1,10,25,41.99839808,0
482,1,201502,2,0,48,25,-0.007739925,0
482,1,201302,9,0,44,25,-0.200841421,0
861,1,200901,0,1,27,25,34.61498854,0
861,1,200902,0,2,32,25,28.45748884,0
917,1,200902,0,60,23,25,39.97345919,0
790,0,201401,2,74,10,25,46.44927332,0
856,1,201301,2,79,8,25,53.48654742,0
858,1,201301,2,64,16,25,43.66091962,0
197,0,200901,3,13,8,25,46.56941477,0
197,0,200902,3,60,8,25,46.56284959,0
124,1,201602,2,60,6,25,48.16332132,0
124,1,201302,9,24,2,25,48.62673757,0
465,0,201602,5,66,1,25,50.86851736,0
625,1,201302,9,0,56,25,-13.82856262,0
118,1,201602,2,9,15,25,37.04403687,0
118,1,201302,9,0,22,25,23.97539717,0
184,1,200901,3,29,18,25,37.56116456,0
184,1,201002,3,70,4,25,54.1206983,0
184,1,201001,3,47,28,25,24.60277777,0
184,1,200902,3,59,38,25,12.95086129,0
602,1,201302,9,0,8,25,45.03793329,0
430,1,201702,6,45,8,25,43.80164196,0
540,1,201502,7,84,12,25,40.14851242,0
540,1,201301,2,79,6,25,53.43986638,0
601,0,201302,9,2,4,25,46.55399003,0
112,1,201602,2,0,36,25,11.16250957,0
112,1,201302,9,2,30,25,14.08629963,0
706,1,201402,2,0,38,25,14.72779967,0
706,1,201401,2,1,16,25,41.79847675,0
583,1,201302,9,60,8,25,44.88719265,0
408,1,201702,5,66,4,25,49.46597415,0
408,1,201602,5,2,18,25,32.89987523,0
597,1,201302,9,1,20,25,30.23602185,0
597,1,201401,2,0,14,25,43.39407531,0
95,1,201602,2,60,12,25,40.55212208,0
95,1,201502,7,74,18,25,29.23688653,0
95,1,201302,2,3,10,25,44.98204912,0
612,1,201302,9,5,18,25,32.81540143,0
612,1,201501,2,0,42,25,8.411330006,0
493,1,201502,2,15,8,25,49.28700716,0
493,1,201501,2,2,16,25,39.4520771,0
578,1,201302,9,3,16,25,35.00602883,0
1018,1,201302,2,22,10,25,52.30487073,0
579,1,201302,9,60,0,25,54.69695302,0
573,1,201302,9,1,20,25,30.04561262,0
799,1,201401,2,60,2,25,59.75892918,0
415,1,201702,5,53,6,25,47.06113637,0
596,1,201302,9,26,0,25,54.83182623,0
815,1,201501,2,0,34,25,19.86336998,0
611,1,201302,9,60,0,25,54.95083199,0
456,1,201602,5,64,2,25,52.96368417,0
618,1,201302,9,42,2,25,52.54599421,0
585,1,201302,9,14,4,25,49.82380771,0
499,1,201502,2,41,8,25,49.33460947,0
499,1,201401,2,2,6,25,52.4580662,0
499,1,201501,2,18,10,25,46.88080083,0
613,0,201302,9,0,50,25,-9.939402975,0
398,1,201702,5,62,2,25,51.84701078,0
584,1,201302,9,11,0,25,54.73662161,0
447,1,201702,6,1,12,25,39.01576754,0
582,1,201302,9,46,4,25,49.80000656,0
859,0,201301,2,0,52,25,-4.014632402,0
160,1,200901,3,54,14,25,42.29150295,0
160,1,200902,3,62,18,25,37.36419015,0
196,0,200901,3,31,2,25,53.94260248,0
196,0,200902,3,65,4,25,51.47566349,0
277,1,201002,3,73,18,25,37.6359174,0
956,1,200902,0,70,0,25,68.57717299,1
154,1,200901,3,60,4,25,54.54576969,0
198,1,200901,3,13,16,25,40.13261042,0
198,1,200902,3,0,50,25,-1.700309519,0
351,1,201202,2,1,24,25,30.44698198,0
957,1,200902,0,69,0,25,68.58510671,1
156,1,200901,3,61,0,25,59.48238474,0
634,0,201102,9,37,2,25,50.58921202,0
634,0,201302,2,0,42,25,6.495584942,0
955,1,200902,0,81,3,25,64.87867856,1
155,0,200901,3,2,32,25,16.7117129,0
958,1,200902,0,70,1,25,67.36285352,1
144,1,200901,3,7,44,25,5.25895632,0
149,1,200901,3,53,8,25,49.58535348,0
149,1,200902,3,60,12,25,44.65804068,0
148,1,200901,3,60,0,25,59.418915,0
193,1,200901,3,0,44,25,5.647708497,0
193,1,201002,3,13,38,25,12.365747,0
193,1,201001,3,30,39,25,11.14212528,0
193,1,200902,3,10,48,25,0.720395701,0
153,1,200901,3,8,22,25,32.39447168,0
153,1,201002,3,60,5,25,52.64456614,0
153,1,200902,3,39,10,25,47.15014936,0
152,1,200901,3,47,2,25,56.99027606,0
152,1,200902,3,99,4,25,54.52333707,0
195,0,200901,3,60,6,25,49.01392114,0
756,0,201401,9,7,0,25,52.05451135,0
185,1,200901,3,54,4,25,54.79171494,0
185,1,200902,3,60,16,25,40.02290691,0
775,1,201401,9,8,0,25,55.60200916,0
147,1,200901,3,60,0,25,59.41098128,0
187,1,200901,3,53,4,25,54.80758238,0
187,1,200902,3,62,2,25,57.26139101,0
778,1,201401,9,35,0,25,55.62581031,0
146,1,200901,3,0,64,25,-19.32891434,0
186,1,200901,3,60,2,25,57.26002247,0
396,1,201202,2,60,2,25,57.86811119,0
496,1,201502,2,66,0,25,59.15230355,0
496,1,201401,9,27,0,25,53.38850187,0
111,0,201602,2,11,10,25,39.7426782,0
744,1,201401,9,20,4,25,50.43531629,0
107,0,201602,2,19,26,25,20.02795286,0
107,0,201502,7,60,12,25,33.31645541,0
96,1,201602,2,12,22,25,28.25818675,0
743,1,201401,9,41,10,25,43.04626114,0
768,0,201401,9,0,26,25,20.16485644,0
735,0,201401,9,21,2,25,49.42752947,0
737,0,201401,9,24,8,25,42.06227547,0
745,1,201401,9,14,6,25,47.9828762,0
931,1,200902,0,74,0,25,68.37883004,1
932,1,200902,0,82,0,25,68.38676376,1
283,1,201002,3,75,4,25,54.90613637,0
928,1,200902,0,54,0,25,68.35502889,1
145,1,200901,3,5,2,25,56.93474004,0
145,1,200902,3,60,2,25,56.92817486,0
402,1,201702,5,60,12,25,39.57687661,0
929,1,200902,0,83,6,25,60.98184118,1
281,1,201002,3,83,10,25,47.50914751,0
281,1,201001,3,50,6,25,52.43646031,0
959,0,200902,0,34,2,25,62.74384317,1
960,1,200902,0,63,3,25,64.91834715,1
140,1,200901,3,60,0,25,59.35544526,0
268,1,201002,3,66,6,25,52.3267568,0
268,1,201502,7,81,12,25,37.99054116,0
948,1,200902,0,60,3,25,64.82314253,1
139,1,200901,3,35,8,25,49.5060163,0
139,1,200902,3,21,11,25,45.80889041,0
180,1,200901,3,63,2,25,57.21242016,0
539,1,201502,7,85,8,25,45.06132632,0
963,1,200902,0,68,12,25,53.87046616,0
143,1,200901,3,61,2,25,56.9188726,0
182,0,200901,3,60,12,25,41.52966138,0
284,1,201002,3,60,4,25,54.91407009,0
284,1,201001,3,34,0,25,59.84138289,0
141,1,200901,3,69,4,25,54.44263135,0
947,1,200902,0,40,3,25,64.81520882,1
133,1,200901,3,61,2,25,56.83953542,0
174,1,200901,3,50,2,25,57.16481785,0
174,1,200902,3,73,2,25,57.15825268,0
138,1,200901,3,1,2,25,56.87920401,0
138,1,201002,3,60,12,25,43.91425204,0
138,1,201001,3,3,10,25,46.38119103,0
138,1,200902,3,39,4,25,54.41226502,0
177,1,200901,3,62,4,25,54.7282452,0
644,1,201102,9,13,14,25,39.30306351,0
137,1,200901,3,30,2,25,56.87127029,0
137,1,200902,3,69,2,25,56.86470512,0
178,0,200901,3,31,2,25,53.79979556,0
178,0,200902,3,61,4,25,51.33285657,0
271,1,201002,3,60,12,25,44.96943652,0
857,0,201301,2,21,12,25,45.17697635,0
200,1,200901,3,61,8,25,49.98997309,0
170,1,200901,3,67,0,25,59.59345679,0
750,1,201401,9,15,22,25,28.33955431,0
131,1,200901,3,55,6,25,51.90292037,0
131,1,200902,3,64,0,25,59.27747662,0
172,0,200901,3,25,8,25,46.37107182,0
172,0,201001,3,19,22,25,28.49193741,0
172,0,200902,3,23,14,25,38.98338522,0
757,0,201401,9,7,24,25,22.53795936,0
751,1,201401,9,47,0,25,55.41159993,0
751,1,201501,2,80,8,25,51.34047155,0
772,1,201401,9,8,4,25,50.65746039,0
770,1,201401,9,28,4,25,50.64159295,0
761,1,201401,9,17,22,25,28.42682521,0
98,1,201602,2,57,20,25,30.73442799,0
736,1,201401,9,62,2,25,52.83222035,0
736,1,201501,2,94,8,25,51.22146578,0
814,1,201501,2,77,2,25,59.22141721,0
954,1,200902,0,75,0,25,68.56130556,1
967,1,201001,3,60,4,25,60.33936459,1
952,1,200902,0,74,0,25,68.54543812,1
953,1,200902,0,54,11,25,55.02131589,0
128,1,200901,3,4,4,25,54.33949302,0
128,1,200902,3,75,2,25,56.79330165,0
951,1,200902,0,52,5,25,62.38656988,1
24,1,200901,0,53,0,25,61.1895131,1
24,1,200902,0,70,2,25,58.72257411,0
262,1,201002,3,60,10,25,47.35840687,0
262,1,201001,3,0,16,25,39.98385062,0
949,1,200902,0,88,0,25,68.52163697,1
259,1,201002,3,23,14,25,42.4138581,0
259,1,201001,3,3,6,25,52.26191851,0
950,1,200902,0,62,8,25,58.68807545,0
970,1,201001,3,67,4,25,60.36316574,1
542,0,201501,8,10,12,25,35.85606149,0
938,1,200902,0,60,2,25,65.97399226,1
969,1,201001,3,0,30,25,28.3703725,0
537,1,201502,7,84,0,25,54.88695412,0
968,1,201001,3,2,18,25,43.12468164,0
257,1,201002,3,61,10,25,47.31873828,0
257,1,201001,3,39,4,25,54.70642489,0
973,1,201001,3,60,0,25,65.30771451,1
261,1,201002,3,34,16,25,39.96935172,0
261,1,201001,3,20,4,25,54.73815976,0
971,0,201001,3,62,4,25,56.97434229,0
513,0,201502,7,60,14,25,34.07717106,0
513,0,201401,9,13,16,25,30.44362743,0
730,1,201401,9,0,30,25,18.33938471,0
519,1,201502,7,79,0,25,54.7441472,0
473,1,201502,2,60,0,25,58.96982804,0
208,1,200901,3,73,16,25,40.2119476,0
121,1,201602,2,80,7,25,46.90933326,0
740,1,201401,9,35,2,25,52.86395522,0
101,1,201602,2,56,2,25,52.90159343,0
116,0,201602,2,56,6,25,44.70309441,0
767,1,201401,9,6,20,25,30.93480132,0
747,1,201401,9,33,0,25,55.37986506,0
114,1,201602,2,68,2,25,53.00473176,0
491,0,201502,2,60,6,25,48.33475636,0
491,0,201401,9,41,2,25,47.4917023,0
739,1,201401,9,9,16,25,35.63340484,0
494,1,201502,2,50,10,25,46.83456707,0
494,1,201401,9,56,8,25,43.5311392,0
488,1,201502,2,79,0,25,59.08883381,0
488,1,201401,9,55,0,25,53.32503213,0
945,1,200902,0,66,4,25,63.56915448,1
946,1,200902,0,44,6,25,61.11671438,1
943,1,200902,0,83,2,25,66.01366085,1
944,1,200902,0,60,0,25,68.48196838,1
264,1,201002,3,82,4,25,54.75539573,0
264,1,201001,3,44,0,25,59.68270853,0
263,1,201002,3,92,4,25,54.74746202,0
263,1,201001,3,49,2,25,57.214401,0
942,1,200902,0,46,11,25,54.93404499,0
940,0,200902,0,84,1,25,63.82328943,1
975,1,201001,3,60,5,25,59.17264743,0
941,1,200902,0,82,0,25,68.45816722,1
18,1,200901,0,42,0,25,61.14191079,1
18,1,200902,0,60,0,25,61.13534561,1
812,0,201501,2,19,14,25,41.04654975,0
812,0,201302,2,20,10,25,47.27376768,0
980,1,201001,3,60,4,25,60.44250292,1
17,0,200901,0,33,5,25,51.58628538,0
17,0,200902,0,60,3,25,54.04009401,0
528,1,201502,7,85,8,25,44.97405543,0
979,1,201001,3,60,0,25,65.35531682,1
372,1,201202,2,60,6,25,52.75695434,0
978,1,201001,3,60,2,25,62.88700929,1
591,1,201302,9,12,32,25,15.42617669,0
977,1,201001,3,0,35,25,22.28290772,0
5,1,200901,0,67,0,25,61.03877246,1
165,1,200901,3,60,0,25,59.5537882,0
204,1,200901,3,65,6,25,52.48208177,0
1,1,200901,0,60,18,25,38.8636733,0
162,1,200901,3,6,6,25,52.14886562,0
162,1,200902,3,86,2,25,57.06304806,0
205,1,200901,3,36,20,25,35.26739882,0
205,1,200902,3,60,4,25,54.94382412,0
265,1,201002,3,72,12,25,44.92183421,0
14,1,200901,0,68,0,25,61.11017592,1
168,1,200901,3,60,6,25,52.19646793,0
206,1,200901,3,32,0,25,59.87907064,0
206,1,200902,3,54,0,25,59.87250546,0
983,1,201001,3,37,4,25,60.46630407,1
7,0,200901,0,47,0,25,57.65788272,0
7,0,200902,0,71,7,25,49.04000921,0
207,1,200901,3,60,8,25,50.04550912,0
981,1,201001,3,35,6,25,57.99006283,0
157,1,200901,3,65,0,25,59.49031846,0
199,1,200901,3,11,38,25,13.07643223,0
199,1,200902,3,61,18,25,37.67360515,0
763,1,201401,9,0,10,25,43.2049355,0
746,1,201401,9,17,10,25,43.07006229,0
3,1,200901,0,46,0,25,61.02290502,1
3,1,200902,0,70,10,25,48.7144708,0
774,0,201401,9,15,10,25,39.89544923,0
159,1,200901,3,12,12,25,44.74394304,0
202,0,200901,3,60,18,25,34.30721431,0
754,1,201401,9,1,16,25,35.75241061,0
878,1,200901,0,61,0,25,67.96490817,1
120,0,201602,2,51,8,25,42.27445547,0
83,1,201602,2,6,26,25,23.2343008,0
99,1,201602,2,0,30,25,18.44049266,0
749,1,201401,9,76,2,25,52.93535869,0
749,1,201501,2,90,6,25,53.78497793,0
748,1,201401,9,9,0,25,55.38779878,0
86,0,201602,2,4,18,25,29.70284002,0
86,0,201401,9,23,6,25,39.35779894,0
176,0,200901,3,0,66,25,-24.94803378,0
176,0,201002,3,0,72,25,-32.99223813,0
176,0,201001,3,3,36,25,11.30105562,0
176,0,200902,3,0,58,25,-15.11310372,0
89,1,201602,2,25,4,25,50.34601501,0
734,1,201401,9,7,4,25,50.35597911,0
769,1,201401,9,20,4,25,50.63365923,0
762,0,201401,9,60,0,25,52.10211366,0
762,0,201501,2,75,6,25,50.49135909,0
273,1,201002,3,65,10,25,47.44567777,0
641,1,201102,9,23,20,25,31.89814093,0
884,0,200901,0,60,0,25,64.61575331,1
267,0,201002,3,70,7,25,47.691879,0
306,1,201002,3,78,4,25,55.08861188,0
306,1,201001,1,41,12,25,47.08993457,0
66,1,201101,1,8,12,25,44.52932453,0
66,1,201002,3,46,2,25,55.6448934,0
683,0,201202,9,60,4,25,47.86107264,0
71,1,201101,1,0,40,25,10.12375979,0
71,1,201102,1,16,32,25,19.95868985,0
655,0,201202,9,24,4,25,47.63892854,0
655,0,201402,2,0,38,25,10.92642289,0
655,0,201401,2,0,16,25,37.99709997,0
1002,0,201001,1,60,0,25,63.97728791,1
64,1,201101,1,21,12,25,44.51345709,0
64,1,201002,3,10,8,25,48.24790454,0
863,1,200901,0,86,2,25,65.3855286,1
1004,1,201001,1,68,0,25,67.38991251,1
862,1,200901,0,81,0,25,67.83796869,1
1003,1,201001,1,60,0,25,67.38197879,1
407,1,201702,5,72,2,25,51.91841424,0
407,1,201602,5,40,8,25,45.19381056,0
60,0,201101,1,24,10,25,43.54533886,0
60,0,201002,3,48,4,25,49.74016011,0
771,1,201401,9,0,28,25,21.12504096,0
658,1,201202,9,26,8,25,46.13873924,0
658,1,201301,9,40,16,25,35.64729144,0
671,1,201202,9,61,4,25,51.16262519,0
671,1,201401,2,76,6,25,53.82266568,0
671,1,201302,2,3,15,25,43.4009361,0
670,0,201202,9,5,24,25,23.15419621,0
691,1,201202,9,14,12,25,41.47980431,0
691,1,201401,9,0,38,25,8.188474479,0
656,0,201202,9,60,8,25,42.72611464,0
651,1,201202,9,60,4,25,51.00395083,0
651,1,201401,2,4,6,25,53.66399132,0
301,0,201002,3,67,2,25,54.11255994,0
301,0,201001,1,41,6,25,51.03463024,0
1001,1,201001,1,79,0,25,67.36611136,1
57,1,201101,1,45,12,25,44.45792107,0
57,1,201002,3,16,16,25,38.35087327,0
57,1,201001,1,1,26,25,27.89182215,0
688,1,201202,9,0,72,25,-32.35521112,0
302,1,201002,3,15,8,25,50.13612939,0
998,0,201001,1,83,4,25,59.02480542,0
997,0,201001,1,60,0,25,63.93761932,1
1000,1,201001,1,60,6,25,59.97705621,0
181,1,200901,3,0,60,25,-14.13048659,0
181,1,201001,3,0,38,25,12.27710757,0
181,1,200902,3,10,46,25,3.085564895,0
999,0,201001,1,39,6,25,56.57236532,0
503,0,201502,2,0,22,25,28.7469705,0
503,0,201401,9,0,10,25,37.74541168,0
996,0,201001,1,60,8,25,54.08819036,0
995,1,201001,1,65,4,25,62.39776143,1
760,1,201401,9,13,20,25,30.8792653,0
650,1,201202,9,60,2,25,53.45639093,0
650,1,201401,2,70,4,25,56.11643141,0
777,1,201401,9,0,24,25,26.09339088,0
758,0,201401,9,73,4,25,47.14963117,0
773,1,201401,9,30,12,25,40.82389887,0
663,1,201202,9,70,0,25,56.01990307,0
663,1,201401,2,72,8,25,51.29882212,0
663,1,201302,2,29,4,25,56.86952231,0
689,1,201202,9,87,8,25,46.3846845,0
689,1,201302,2,85,16,25,42.31355612,0
687,1,201202,9,25,22,25,29.14620039,0
677,1,201202,9,60,8,25,46.28947988,0
353,1,201202,2,48,4,25,55.06658751,0
353,1,201301,2,60,8,25,49.49588732,0
654,1,201202,9,60,8,25,46.10700437,0
690,0,201202,9,60,12,25,38.07511343,0
690,0,201302,2,71,18,25,36.46435886,0
675,0,201202,9,80,6,25,45.33722909,0
279,1,201002,3,0,24,25,30.27066341,0
278,1,201002,3,6,38,25,13.04011302,0
0,1,200901,0,42,27,25,27.78405744,0
0,1,200902,0,43,34,25,19.16618393,0
888,1,200901,0,84,0,25,68.04424535,1
1007,1,201001,1,60,4,25,62.49296605,1
880,1,200901,0,80,6,25,60.59965418,1
877,0,200901,0,60,0,25,64.56021729,1
316,1,201002,3,64,2,25,57.62832287,0
885,1,200901,0,65,0,25,68.0204442,1
882,0,200901,0,66,3,25,60.90932516,1
285,1,201002,3,78,12,25,45.08050857,0
285,1,201001,3,30,4,25,54.92856899,0
684,1,201202,9,20,6,25,48.80538972,0
964,1,201001,3,2,6,25,57.85518962,0
674,0,201202,9,71,0,25,52.7104168,0
984,1,201001,3,1,20,25,40.79124732,0
387,0,201202,2,8,16,25,37.17733389,0
653,1,201202,9,71,0,25,55.94056589,0
653,1,201401,2,0,38,25,14.3138778,0
653,1,201302,2,41,8,25,51.86943751,0
660,1,201202,9,32,0,25,55.99610191,0
660,1,201301,9,29,2,25,52.88577554,0
673,1,201202,9,12,10,25,43.7973712,0
976,1,201001,3,39,10,25,53.02964662,0
1006,1,201001,1,60,0,25,67.40577995,1
872,1,200901,0,23,3,25,64.22674515,1
871,1,200901,0,90,0,25,67.90937215,1
1005,1,201001,1,61,4,25,62.47709861,1
314,0,201002,3,40,10,25,44.37420303,0
314,0,201102,1,61,8,25,48.01431184,0
875,1,200901,0,92,2,25,65.48073321,1
75,1,201101,1,23,12,25,44.60072799,0
75,1,201002,3,7,2,25,55.71629686,0
75,1,201102,1,60,4,25,54.43565805,0
868,1,200901,0,76,3,25,64.19501028,1
307,1,201002,3,60,2,25,57.55691941,0
307,1,201001,1,37,14,25,44.63749448,0
350,1,201202,2,25,8,25,50.12203874,0
350,1,201501,2,0,62,25,-18.27104217,0
311,1,201002,3,60,4,25,55.12828047,0
870,1,200901,0,51,0,25,67.90143843,1
870,1,200902,0,88,11,25,54.3628173,0
869,1,200901,0,71,0,25,67.89350471,1
864,1,200901,0,93,6,25,60.4727147,1
867,1,200901,0,60,0,25,67.87763728,1
865,1,200901,0,77,3,25,64.17120913,1
681,0,201202,9,60,4,25,47.8452052,0
681,0,201302,2,0,14,25,41.31370301,0
665,1,201202,9,60,8,25,46.19427527,0
662,1,201202,9,60,10,25,43.7101003,0
662,1,201401,2,64,8,25,51.2908884,0
662,1,201302,2,40,10,25,49.48046716,0
686,1,201202,9,6,6,25,48.82125715,0
693,1,201202,9,12,8,25,46.41641937,0
652,1,201202,9,11,6,25,48.55151074,0
652,1,201301,9,41,12,25,40.52043675,0
492,1,201502,2,50,18,25,36.97720439,0
492,1,201401,2,0,28,25,25.33841827,0
484,1,201502,2,33,12,25,44.29485608,0
484,1,201502,7,92,8,25,44.62497184,0
484,1,201202,9,22,0,25,54.59976757,0
484,1,201402,2,7,12,25,44.95137382,0
484,1,201401,2,5,8,25,49.87868662,0
962,1,200902,0,0,0,25,68.6247753,1
105,0,201602,2,80,0,25,51.99694494,0
557,0,201501,8,4,12,25,35.97506726,0
480,1,201502,2,88,4,25,54.10461645,0
480,1,201402,2,33,8,25,49.84038657,0
81,1,201602,2,47,2,25,52.74291907,0
294,1,201002,3,86,0,25,59.91415489,0
108,1,201602,2,61,0,25,55.41750327,0
100,1,201602,2,15,16,25,35.67104305,0
42,1,201101,1,24,6,25,51.72003673,0
42,1,201002,3,51,4,25,52.99411036,0
42,1,201102,1,66,18,25,36.9512287,0
961,1,200902,0,16,18,25,46.4734773,0
48,0,201101,1,35,8,25,45.91050806,0
48,0,201002,3,28,6,25,47.18458169,0
296,1,201002,3,41,2,25,57.46964851,0
295,1,201002,3,28,4,25,55.00134099,0
368,1,201202,2,20,26,25,28.12148137,0
318,1,201102,1,90,0,25,61.28429912,1
319,0,201102,1,63,0,25,57.89547567,0
26,1,201101,1,100,10,25,46.67234962,0
320,1,201102,1,61,0,25,61.30016655,1
92,0,201602,2,60,4,25,46.97305899,0
449,0,201602,5,63,14,25,34.74914811,0
90,1,201602,2,44,6,25,47.89357491,0
102,1,201602,2,60,1,25,54.13971405,0
27,0,201101,1,22,12,25,40.82315236,0
27,0,201002,3,28,10,25,42.097226,0
27,0,201102,1,60,12,25,40.81658719,0
286,0,201002,3,38,2,25,53.99355417,0
39,1,201101,1,32,14,25,41.85474034,0
321,1,201102,1,60,2,25,58.84772646,0
291,1,201002,3,41,0,25,59.89035373,0
291,1,201102,1,66,6,25,53.68896731,0
966,0,201001,3,71,0,25,61.85542132,1
38,1,201101,1,10,14,25,41.84680662,0
38,1,201102,1,11,38,25,12.31575573,0
324,1,201102,1,28,12,25,46.56965857,0
288,1,201002,3,60,0,25,59.86655258,0
12,1,200901,0,35,6,25,53.71318705,0
12,1,200902,0,62,9,25,50.01606116,0
323,1,201102,1,74,12,25,46.56172485,0
11,1,200901,0,17,5,25,54.93544024,0
11,1,200902,0,71,4,25,56.15906197,0
23,1,200901,0,61,2,25,58.72120557,0
1008,0,201302,2,0,40,25,11.92316924,0
20,1,200901,0,70,3,25,57.46721751,0
356,0,201202,2,62,10,25,44.31251006,0
356,0,201102,9,60,8,25,41.00251701,0
359,1,201202,2,94,18,25,37.89157315,0
937,1,200902,0,5,0,25,68.42643235,1
6,1,200901,0,62,0,25,61.04670617,1
633,1,201102,9,31,24,25,26.91392356,0
9,0,200901,0,78,2,25,55.21337635,0
326,1,201102,1,33,8,25,51.50627362,0
8,1,200901,0,0,31,25,22.92677956,0
753,1,201401,9,60,9,25,44.35578522,0
776,1,201401,9,82,2,25,53.14956907,0
732,1,201401,9,60,0,25,55.26085929,0
732,1,201501,2,80,8,25,51.18973091,0
113,1,201602,2,5,18,25,33.31380757,0
113,1,201401,9,45,0,25,50.34988792,0
764,1,201401,9,61,10,25,43.21286922,0
61,0,201101,1,14,38,25,9.108039249,0
61,0,201002,3,46,0,25,54.66884145,0
61,0,201102,1,91,4,25,50.92782883,0
305,0,201002,3,42,6,25,49.22354719,0
303,1,201002,3,60,4,25,55.06481073,0
752,1,201401,9,0,32,25,16.0535527,0
56,1,201101,1,18,8,25,49.37073497,0
56,1,201002,3,3,18,25,35.88256575,0
300,1,201002,3,1,18,25,37.81839291,0
733,1,201401,9,0,38,25,8.52169063,0
363,0,201202,2,18,28,25,22.2246818,0
935,1,200902,0,62,0,25,68.41056492,1
918,1,200902,0,76,3,25,64.585131,1
934,1,200902,0,47,11,25,54.87057525,0
933,1,200902,0,60,4,25,63.47394986,1
329,1,201102,1,72,6,25,53.99044859,0
558,0,201501,8,5,12,25,35.98300098,0
104,1,201602,2,60,2,25,52.92539458,0
462,0,201602,5,80,10,25,39.77303407,0
738,1,201401,9,66,0,25,55.3084616,0
738,1,201501,2,96,8,25,51.23733322,0
731,1,201401,9,80,2,25,52.79255176,0
731,1,201501,2,96,4,25,56.10254481,0
741,1,201401,9,11,4,25,50.41151513,0
507,1,201502,2,69,12,25,44.47733159,0
507,1,201401,9,60,4,25,48.55502515,0
766,1,201401,9,44,0,25,55.5306057,0
742,1,201401,9,0,28,25,20.89496314,0
328,1,201102,1,60,6,25,53.98251487,0
471,0,201502,2,0,48,25,-3.491767991,0
471,0,201401,9,64,4,25,44.87265413,0
755,1,201401,9,60,2,25,52.98296099,0
755,1,201501,2,68,10,25,48.91183261,0
51,0,201101,1,38,16,25,36.09281397,0
51,0,201002,3,6,12,25,39.82726142,0
51,0,201102,1,60,14,25,38.54662261,0
299,1,201002,3,60,2,25,57.49344967,0
49,0,201101,1,44,16,25,36.07694654,0
49,0,201002,3,17,10,25,42.27176779,0
49,0,201102,1,84,14,25,38.53075517,0
298,0,201002,3,25,4,25,51.62838497,0
298,0,201102,1,68,8,25,47.88737235,0
297,1,201002,3,47,0,25,59.93795604,0
759,1,201401,9,60,0,25,55.47506967,0
765,1,201401,9,88,4,25,50.60192436,0
330,1,201102,1,55,14,25,44.15688707,0
922,1,200902,0,68,3,25,64.61686587,1
926,0,200902,0,67,7,25,56.33109595,0
53,0,201101,1,30,16,25,36.10868141,0
53,0,201002,3,30,8,25,44.76387647,0
921,1,200902,0,30,0,25,68.29949287,1
919,1,200902,0,60,0,25,68.28362543,1
52,0,201101,1,60,2,25,53.32336436,0
52,0,201002,3,49,0,25,54.59743799,0
923,1,200902,0,11,3,25,64.62479959,1
