age,Medu,Fedu,traveltime,studytime,failures,famrel,freetime,goout,Dalc,Walc,health,absences,G1,G2,G3,X,Y
18,4,4,2,2,0,4,3,4,1,1,3,4,0,11,11,10.166362715503261,-11.59912004179912
17,1,1,1,2,0,5,3,3,1,1,3,2,9,11,11,-0.6772971168351559,-6.012366180197177
15,1,1,1,2,0,4,3,2,2,3,3,6,12,13,12,2.3307976006021276,3.5721854978953864
15,4,2,1,3,0,3,2,2,1,1,5,0,14,14,14,-9.932307976765527,0.46108021511002495
16,3,3,1,2,0,4,3,2,1,2,5,0,11,13,13,-5.65405883306286,-3.652497533793122
16,4,3,1,2,0,5,4,2,1,2,5,6,12,12,13,0.12280071533322887,3.3004438924247386
16,2,2,1,2,0,4,4,4,1,1,3,0,13,12,13,-8.118521751999618,-2.606611771735326
17,4,4,2,2,0,4,1,4,1,1,1,2,10,13,13,-2.3797462691477245,-1.2246974519755098
15,3,2,1,2,0,4,2,2,1,1,1,0,15,16,17,-14.902492621459913,4.723437971896543
15,3,4,1,2,0,5,5,1,1,1,5,0,12,12,13,-6.854096546091156,-3.236749856970282
15,4,4,1,2,0,3,3,3,1,2,2,2,14,14,14,-7.950503786898875,5.25317248892464
15,2,1,3,3,0,5,2,2,1,1,4,0,10,12,13,-7.100962222867551,-5.31173769770805
15,4,4,1,1,0,4,3,3,1,3,5,0,12,13,12,-5.361034011063046,-3.8357486125593905
15,4,3,2,2,0,5,4,3,1,2,3,0,12,12,13,-6.143615356968163,-1.8584439561404043
15,2,2,1,3,0,4,5,2,1,1,3,0,14,14,15,-11.318030444517065,-1.230644130973934
16,4,4,1,1,0,4,4,4,1,2,2,6,17,17,17,-7.61870354488423,17.19458386140546
16,4,4,1,3,0,3,2,3,1,2,2,10,13,13,14,5.57817632207255,11.563374837147668
16,3,3,3,2,0,5,3,2,1,1,4,2,13,14,14,-6.83806967049523,2.697585459005857
17,3,2,1,1,3,5,5,5,2,4,5,2,8,8,7,8.568125946781496,-12.63984992864734
16,4,3,1,1,0,3,1,3,1,3,5,6,12,12,12,5.580287116772073,1.5182822989814755
15,4,3,1,2,0,4,4,1,1,1,1,0,12,13,14,-9.675402223778676,-1.4840586161860332
15,4,4,1,1,0,5,4,2,1,1,5,0,11,12,12,-6.3299944165558095,-4.090921168203464
16,4,2,1,2,0,4,5,1,1,3,5,0,12,13,14,-7.566958821006047,-2.0013059012509125
16,2,2,2,2,0,5,4,4,2,4,5,2,10,10,10,4.274756423931803,-7.141105334118207
15,2,4,1,3,0,4,3,2,1,1,5,2,10,11,10,-1.3987225986788372,-3.907891129756231
16,2,2,1,1,0,1,2,2,1,3,5,6,10,11,12,6.974664760666187,0.8275849906155296
15,2,2,1,1,0,4,2,2,1,2,5,8,11,12,12,7.454279808434911,5.506817634541463
15,4,2,1,1,0,2,2,4,2,4,1,0,11,11,11,-7.951910779335994,-7.625875948290883
16,3,4,1,2,0,5,3,3,1,1,5,2,12,12,13,-4.4751455243790765,-0.0839651226023604
16,4,4,1,2,0,4,4,5,5,5,5,4,12,11,12,3.2429909339504914,-3.1178877397663345
15,4,4,1,2,0,5,4,2,3,4,5,0,10,11,11,-1.8073740458623404,-5.382727476669847
15,4,4,2,2,0,4,3,1,1,1,5,2,15,15,15,-9.689504131591328,5.397787932159809
15,4,3,1,2,0,4,5,2,1,1,5,0,13,14,15,-9.624636005017638,0.2937940878947021
15,3,3,1,2,0,5,3,2,1,1,2,0,13,12,12,-7.88692612411081,-4.079435982969153
16,3,2,1,1,0,5,4,3,1,1,5,4,12,12,12,-0.5478721439990241,0.892201481673886
15,2,3,2,1,0,3,5,1,1,1,5,4,11,11,11,2.6901787181765386,-0.6267643410187761
15,4,3,1,3,0,5,4,3,1,1,4,0,14,14,14,-11.913612985361015,1.2426802318826604
16,4,4,2,3,0,2,4,3,1,1,5,4,13,13,13,-5.56783724329907,2.495298109271845
15,3,4,1,3,0,4,3,2,1,1,5,2,11,12,12,-3.5003993781523657,-1.86622211863966
15,2,2,1,1,0,4,3,1,1,1,2,8,14,13,12,4.9740384704840945,5.294938370609944
16,2,2,2,2,0,3,3,3,1,2,3,16,11,11,10,22.612334888394862,10.794088795605806
15,4,4,1,1,0,5,4,3,2,4,5,8,10,11,11,11.313310882507066,3.3926214933923147
15,4,4,1,2,0,4,3,3,1,1,5,0,14,15,15,-11.919252379674449,2.7200823488898296
15,2,2,1,1,0,5,4,1,1,1,1,0,9,10,10,-2.688761457010845,-9.475820533969436
16,2,2,2,2,1,4,3,3,2,2,5,14,10,11,11,19.39583157084154,9.565956438850481
15,4,3,1,2,0,5,2,2,1,1,5,4,10,11,11,0.7403797128265345,-1.5012100072202468
16,3,3,1,2,0,2,3,5,1,4,3,6,13,12,13,3.3265971582928184,4.628210680221973
16,4,3,1,4,0,4,2,2,1,1,2,2,17,17,17,-20.070634720702344,7.753505781378438
15,4,2,1,2,0,4,3,3,2,2,5,4,11,12,13,1.3660618686652544,0.5770633588866869
15,4,4,1,2,0,4,4,4,1,1,3,2,13,12,12,-4.302973572551308,2.227735450320334
16,2,2,3,2,0,4,3,3,2,3,4,0,14,13,13,-7.7840862586394035,-2.843411934012967
15,4,2,1,2,0,4,3,3,1,1,5,0,16,14,16,-13.325090755849631,2.4077066976706125
15,4,2,2,1,0,5,5,5,3,4,5,4,10,9,9,4.233235662892291,-7.240681413768005
15,4,4,1,1,0,3,3,4,2,3,5,0,13,12,12,-5.765640824486055,-3.8566744558400603
15,3,3,1,1,0,5,3,4,4,4,1,0,13,12,13,-10.224121330882165,-4.219280879382915
16,2,1,1,2,0,5,3,4,1,1,2,2,12,13,12,-5.554919676136852,-2.229357889622939
15,4,3,1,2,0,4,3,2,1,1,1,0,15,14,15,-11.287145013219549,3.180178910806162
15,4,4,1,2,0,3,2,2,1,1,5,8,15,15,16,-5.344076943423461,9.037037571995668
15,1,2,1,2,0,4,3,2,1,1,5,0,14,13,14,-10.653751820562771,-2.1561850970401615
16,4,2,1,2,0,4,2,3,1,1,5,2,16,15,16,-13.273971951232767,6.637258785581193
16,4,4,1,2,0,2,4,4,2,3,4,0,17,16,16,-18.066461257654275,5.293825519209605
16,1,1,4,1,0,5,5,5,5,5,5,0,10,10,16,-4.239315478310885,-7.180803936797933
16,1,2,1,2,0,4,4,3,1,1,1,0,13,13,10,-8.237773049780145,-4.298898292902145
16,4,3,1,3,0,3,4,4,2,4,4,0,14,13,13,-9.203300342260336,-2.3150614176584265
15,4,3,1,2,0,4,4,4,2,4,2,0,13,12,12,-8.344787851432276,-3.3511484664859443
16,4,3,3,2,0,5,4,3,1,2,1,2,16,15,16,-12.955657195343253,8.11284073364027
15,4,4,1,4,0,1,3,3,5,5,3,0,11,12,12,-7.583798775415391,-4.737675855312821
16,3,1,1,4,0,4,3,3,1,2,5,0,10,9,10,-1.5179460702375878,-9.82150493797809
15,2,2,2,2,0,4,1,3,1,3,4,0,11,10,11,-4.6999168358177625,-9.869771658539348
15,3,1,2,4,0,4,4,2,2,3,3,6,15,15,15,-8.7723269536266,10.193485198873683
16,3,1,2,4,0,4,3,2,1,1,5,2,13,11,11,-0.840354607742246,-4.31795885756889
15,4,2,1,4,0,3,3,3,1,1,3,0,11,9,10,-3.5005533369941064,-7.570672835795687
15,1,1,1,2,0,3,3,4,2,4,5,2,13,11,11,-1.0705552877432807,-4.908050888538672
16,3,1,1,1,0,5,3,2,2,2,5,0,13,13,14,-9.644529824149522,-1.4711063020169812
16,3,3,1,2,0,4,3,3,2,4,5,4,11,11,11,3.7146554473160944,-1.6313456812135734
15,4,3,1,2,0,4,3,3,2,3,5,0,11,11,11,-2.128193948528483,-5.348076362000882
15,4,0,2,4,0,3,4,3,1,1,1,0,12,11,11,-5.785586865254412,-5.964015629083324
16,2,2,1,4,0,5,2,3,1,3,3,1,13,13,13,-7.622993511026028,-2.8652514721936346
17,2,1,2,1,3,4,5,1,1,1,3,0,9,9,10,1.186256656181198,-12.0779952641198
16,3,4,1,2,0,2,4,3,1,2,3,14,12,11,11,22.03519949836637,6.364100499938089
15,2,3,1,1,0,3,2,2,1,3,3,0,11,11,12,-5.093311327767432,-6.661456919590863
15,2,3,1,3,0,5,3,2,1,2,5,2,10,9,9,0.030700997489488752,-5.871937229146404
15,3,2,1,2,0,4,4,4,1,1,5,4,12,11,11,0.8555662317691727,-0.6491889554080562
15,2,2,2,2,0,5,3,3,1,3,4,2,13,12,13,-4.622582183563004,-1.8168063661140301
15,1,1,1,2,0,4,3,2,2,3,4,2,13,12,12,-4.01148504112105,-2.9868735853764274
15,4,4,2,2,0,4,4,4,2,3,5,4,12,11,12,2.942295735523731,-2.2239007842362977
16,2,2,1,2,0,4,3,4,1,2,2,6,13,11,11,2.7013436184586728,2.905245429699353
15,4,2,1,3,0,5,3,3,1,3,1,4,15,15,15,-11.978892505846767,6.72002513202493
16,2,2,2,2,0,4,4,2,1,1,3,6,12,10,11,5.1361231441827,2.3052259792040046
16,4,4,1,2,0,4,1,3,3,5,5,6,9,9,10,8.335977472481547,-1.265872079538091
16,3,3,1,3,0,4,3,3,1,3,4,2,9,11,11,0.9155478817394727,-4.446575224912052
15,4,3,1,1,0,4,5,5,1,3,1,6,14,13,13,-0.17928916552678573,4.712246912524891
16,3,1,1,2,0,3,3,3,2,3,2,0,12,13,12,-8.159567055284441,-3.8777671987988973
16,4,2,2,2,0,5,3,3,1,1,1,2,13,14,14,-9.508473619946171,2.4590608189532834
15,2,2,1,4,0,4,3,4,1,1,4,2,11,12,12,-2.665041676284115,-3.3213529084813347
15,1,1,2,4,0,3,1,2,1,1,1,4,13,13,13,-2.1427620019250404,4.174726545023461
16,4,3,2,1,0,3,3,3,1,1,4,6,9,11,11,5.272648601413266,-0.8511967457423397
16,2,1,1,2,0,4,3,5,1,1,5,0,13,12,12,-7.595058947175286,-5.120105561405855
16,4,4,1,1,0,5,3,4,1,2,1,4,12,13,13,0.08621666475259747,2.7269094172149733
16,4,3,1,3,0,5,3,5,1,1,3,2,12,13,13,-3.765610659958991,0.24195344337779068
16,4,4,1,1,0,4,5,5,5,5,4,12,9,9,8,21.727341931555255,-1.0853055886851146
16,4,4,1,3,0,4,4,3,1,1,4,0,16,16,16,-15.327459858261927,6.25436127560141
15,4,4,1,1,0,5,3,3,1,1,5,2,12,13,12,-4.8670389476537,-0.7223326985895107
15,3,2,2,2,0,4,3,5,1,1,2,16,11,10,10,23.600683407948207,11.008611511484462
15,3,4,1,2,0,5,4,4,1,1,1,0,16,16,16,-14.819734689782882,6.046696510396401
15,3,3,1,4,0,4,3,3,1,1,4,10,10,10,10,11.659779459248707,7.193826970294387
15,2,2,1,4,0,5,1,2,1,1,3,4,10,10,10,2.585446612241531,-2.2494506789599926
16,3,3,1,3,0,5,3,3,1,1,5,4,13,14,14,-4.312734076183841,6.713863303650405
15,4,4,4,4,0,1,3,5,3,5,1,8,12,10,11,10.039421218194708,3.842836831476651
16,4,4,1,3,0,5,4,5,1,1,4,2,15,15,14,-12.490559476894761,6.139356943493638
15,4,4,1,1,0,5,5,3,1,1,4,4,13,14,14,-5.777861582507019,6.831391255122609
16,3,3,1,3,0,4,1,2,1,1,2,4,11,11,11,1.4166729108956004,-1.6242227824063948
16,2,2,1,2,1,3,1,2,1,1,5,12,8,10,10,17.065086187006575,6.356491635354294
15,4,2,1,1,0,3,5,2,1,1,3,10,18,17,18,-5.220481523394698,17.359930754805916
15,2,1,1,2,0,5,4,2,1,1,5,4,10,9,10,3.985675639556816,-5.321853414245032
16,4,4,1,2,0,5,4,4,1,2,5,6,16,14,14,-5.904425354398585,11.23583349816864
15,4,4,2,2,0,4,4,3,1,1,2,4,16,15,16,-9.307344305222628,11.556837213514902
16,3,3,2,1,0,5,4,2,1,1,5,6,14,14,15,-5.207776104661916,8.439487584880787
17,1,3,3,2,1,5,2,4,1,4,5,14,12,11,11,19.09353978831864,10.462057354035784
15,3,4,1,1,0,3,4,3,1,2,4,2,14,13,14,-7.600692762795521,3.4453933368578835
15,1,2,1,2,0,3,2,3,1,2,1,0,14,14,14,-11.869772462106228,-1.0493882715455485
15,2,2,1,4,0,5,5,4,1,2,5,6,14,13,13,-1.7190929817868192,7.458251843420573
16,2,4,2,2,0,4,2,2,1,2,5,2,14,12,13,-6.651870821470809,-0.27701043951247933
16,4,4,1,1,0,3,4,4,1,4,5,4,12,13,13,0.32728749431491405,1.247955646330368
16,2,2,1,2,0,5,4,4,1,1,5,0,12,11,11,-4.782384521932202,-6.430066053770028
15,3,4,1,1,0,5,5,5,3,2,5,2,9,9,9,3.8030572666392186,-7.544515891675285
15,3,4,1,2,0,5,3,2,1,1,1,0,10,11,11,-4.841430474192159,-7.305432912755289
19,0,1,1,2,2,3,4,2,1,1,5,0,9,10,11,-2.070073117115943,-10.822381199374346
16,4,4,1,1,0,3,5,5,2,5,4,8,14,14,15,1.726529598222315,11.468776522626072
16,2,3,2,3,0,3,2,3,2,2,1,4,13,12,13,0.8534302318263353,3.7661483308521464
15,3,4,2,3,0,4,2,2,2,2,5,0,10,11,12,-4.770251864799643,-4.854118622201832
18,2,1,1,2,3,5,4,5,1,3,5,10,10,9,8,16.374415202263275,-1.0145070281792647
17,2,1,3,1,0,3,2,2,1,2,5,8,11,10,11,10.715946159883314,3.2191471839711663
15,1,1,3,1,0,4,3,3,1,2,4,6,11,12,13,4.4067036313181775,3.858630430605817
17,2,2,1,1,0,3,4,4,1,3,5,2,13,12,12,-3.116752918391546,-3.1080196621683154
16,3,4,1,1,0,3,2,1,1,4,5,12,15,13,14,9.11496683622288,14.534712227459867
16,2,1,4,1,0,3,2,1,1,1,2,4,9,9,11,4.798221832181631,-5.389538895456417
16,2,2,1,1,1,5,3,4,1,1,5,12,13,11,11,13.997891457119108,10.787373536256903
15,3,4,4,2,0,5,3,3,1,1,5,2,12,11,11,-4.692415316644459,-2.982332039739409
15,4,4,1,3,0,4,3,3,1,1,5,4,13,14,15,-5.503544892829218,4.925016118015036
17,3,4,3,2,0,5,4,5,2,4,5,2,10,9,10,1.332998102824581,-7.694813924404208
16,1,1,4,2,0,5,1,3,1,1,3,0,14,13,13,-10.513895835559076,-1.9839231659382388
18,3,1,2,1,0,3,3,4,4,5,4,2,11,11,12,2.0518253035348275,-7.045709587607516
18,3,2,1,3,0,4,3,3,5,1,5,10,12,11,11,13.572373174179846,5.0153119501335075
16,1,1,2,1,0,3,3,3,1,2,1,8,12,11,11,6.127083025427943,2.848252305653631
16,3,3,2,1,0,4,3,2,1,1,5,4,9,9,10,4.859416057428037,-2.483063415131572
16,1,1,1,2,2,4,4,4,1,3,5,0,10,10,10,-0.14002282960520274,-11.656144950477072
15,4,4,2,1,0,4,3,2,1,1,5,6,13,14,14,-3.7955535865700427,5.9951446279587435
15,1,1,3,1,1,5,5,5,1,1,1,2,8,9,9,-0.3445135450576896,-13.266387623048962
15,4,3,2,4,0,2,2,2,1,1,3,6,9,11,11,4.405228503277675,-0.8597977535307187
15,3,3,1,2,0,1,3,2,2,3,1,24,9,8,9,33.374834885455655,15.857722567408059
16,4,4,1,3,0,5,3,3,1,3,5,0,15,13,13,-10.169538543550006,-0.9782301569630721
16,2,2,2,1,0,2,3,3,2,2,2,4,12,11,11,3.1643227463839687,-0.15840359171713722
15,4,4,1,3,0,4,2,2,1,1,5,2,13,13,13,-6.284471724446825,0.0805785982594344
16,1,1,1,1,0,3,4,4,3,3,1,4,10,11,11,5.639382358108206,-2.846112800807884
17,2,1,1,1,0,5,4,5,1,2,5,22,9,7,6,33.50582729769905,8.163065390868756
15,1,1,1,2,0,4,4,2,1,2,5,0,12,12,12,-5.116690605439068,-5.308102010033535
15,2,1,2,1,0,4,4,2,1,1,5,0,11,10,10,-3.734893158762726,-8.42261042434273
15,3,2,1,2,1,3,3,2,1,1,3,2,11,11,11,-1.7649407051146486,-3.9089365459019385
15,1,2,1,2,0,4,3,2,1,1,5,6,13,12,13,3.8057122585311354,6.539677603052276
15,1,2,1,2,0,2,3,4,2,4,1,6,11,11,11,5.642521148232604,0.7078885336428217
16,4,4,1,1,0,3,3,2,2,1,5,16,9,9,8,27.711227180784295,8.615934404750673
15,2,1,4,1,0,4,5,5,2,5,5,0,12,11,11,0.6516280678111371,-7.8458810787622015
18,1,1,1,1,2,2,3,5,2,5,4,0,11,9,0,3.8806587373640515,5.628474010232679
16,2,1,1,1,1,4,4,4,3,5,5,6,9,10,10,10.24861533251769,-4.447876834980534
15,3,3,2,3,0,4,2,1,2,3,3,2,13,13,13,-7.715809697474618,-0.3593181877090965
19,3,2,1,1,0,4,5,4,1,1,4,6,11,9,11,8.76042673111962,-1.5145561224681567
17,4,4,1,1,0,4,2,1,1,1,4,0,13,13,13,-8.292837811783212,-3.2382407984404353
15,2,3,1,2,0,4,4,4,1,1,1,0,7,8,8,1.1108523195136324,-14.360905492271478
17,1,2,1,1,3,2,2,2,3,3,5,14,9,8,10,21.348450702141132,8.912507948235612
18,1,1,3,1,3,5,2,5,1,5,4,6,11,10,11,11.207036922199979,-4.123036297661503
16,2,2,3,1,0,4,2,2,1,2,3,4,12,10,11,4.185840530465868,-0.5233408308342593
16,3,3,1,2,1,4,5,5,4,4,5,0,10,10,1,3.8861328579714685,5.642573179609645
16,1,2,2,1,2,4,4,5,3,5,5,0,9,8,10,3.3822960557296815,-10.418503065022291
17,2,1,2,1,1,3,3,2,2,2,5,8,8,8,9,18.62191674552424,-3.6198064156699097
17,3,2,2,2,2,4,4,4,1,4,3,4,7,6,8,12.448111963602985,-8.616693009143226
15,1,2,2,1,0,4,4,4,2,4,5,2,8,9,10,5.500113201202511,-7.489771883318272
16,1,3,1,1,1,5,3,3,1,4,2,2,9,8,8,1.980958873351976,-11.369169587576403
17,1,1,4,2,0,5,3,5,1,5,5,0,8,8,8,1.9832752999673242,-14.003482851081861
17,3,2,2,1,3,4,5,2,1,1,2,10,8,7,8,20.00593038592649,-3.8814354409790006
16,2,2,1,2,0,4,3,5,2,4,4,0,9,10,11,0.11674529864576833,-8.308628320356329
16,4,2,1,2,0,4,2,3,1,1,3,0,17,17,18,-17.995747278059678,7.137016551757173
16,2,2,1,2,0,5,1,5,1,1,4,0,12,12,13,-7.184335636413265,-4.520380984308029
16,4,4,1,2,0,4,4,2,1,1,3,0,16,16,17,-17.065808284077733,5.839764682314614
16,3,4,3,1,1,3,4,5,2,4,2,4,9,9,10,7.271285250490312,-6.286981973678771
16,1,0,2,2,0,4,3,2,1,1,3,0,16,17,18,-16.95251685940262,12.176374637678682
17,4,4,1,2,0,4,4,4,1,3,5,0,11,9,10,-2.032749567807393,-9.339430222138644
16,1,3,1,2,0,4,3,5,1,1,3,0,14,13,13,-10.465861738473361,-2.2100362381360763
16,3,3,2,2,0,4,4,5,1,1,4,0,14,14,15,-12.847558078416343,0.7741957493335941
17,4,3,2,2,0,4,4,4,4,4,4,0,10,11,11,-2.76086275456623,-6.375036342188793
16,2,2,2,2,0,3,4,4,1,4,5,0,13,12,14,-6.9084207509784274,-2.8192143404725316
17,3,3,1,2,0,4,3,4,1,4,4,4,11,9,10,5.717351705664171,-3.3466474516696474
16,4,2,1,1,0,4,3,3,3,4,3,8,10,9,11,13.804854677387242,0.2225045497556169
17,4,3,1,2,0,5,2,3,1,1,2,4,11,11,13,1.3938587469816874,0.4172728017941588
16,4,3,1,2,0,3,4,3,2,3,3,4,11,10,11,3.448907319408186,-2.1356799344854966
16,3,3,1,2,0,4,2,3,1,2,3,0,11,12,13,-5.620896046061024,-4.355888703985426
17,2,4,1,2,0,5,4,2,2,3,5,0,17,18,17,-20.50811657340928,6.628854128673518
17,3,3,1,2,0,5,3,3,2,3,1,32,14,13,14,34.85439202906604,25.15039318866137
16,3,2,1,2,0,1,2,2,1,2,1,8,14,15,16,-1.1065277077299498,14.679075640735249
17,3,3,1,2,0,4,3,4,2,3,4,6,11,13,14,2.9832509983785784,3.435060517209588
16,1,2,1,1,0,3,3,3,1,2,3,0,10,9,11,-3.6328288032185614,-9.365650928084602
16,2,1,1,2,0,4,2,3,1,2,5,0,13,14,16,-12.8681030101762,0.7890164463291292
17,3,3,1,2,0,3,3,3,1,3,3,10,12,13,14,7.037072540092517,10.658231088395164
17,1,2,1,2,0,3,1,3,1,5,3,6,9,9,10,10.68177865945102,-4.476212204626413
16,2,3,1,2,0,4,3,3,1,1,2,6,12,12,13,2.868156490379681,4.636119317095298
17,1,1,1,2,0,5,3,3,1,1,3,0,12,11,12,-6.4448832897216475,-4.314357452983525
17,1,2,2,2,0,4,4,4,4,5,5,16,10,11,12,21.452421430291363,14.204596463210015
16,3,3,1,1,0,4,3,2,3,4,5,0,11,10,10,-0.33117802817724595,-7.368770551935228
16,2,3,2,1,0,5,3,3,1,1,3,0,13,12,12,-8.322590391742821,-3.766847336675604
17,2,4,1,2,0,4,3,2,1,1,5,8,14,15,16,-5.471371540639394,12.774354177274748
17,4,4,1,1,0,5,2,3,1,2,5,4,13,13,14,-5.60783767726103,3.0219340453885963
16,3,3,3,1,0,3,3,4,3,5,3,16,10,11,12,21.668172159405156,18.85102853410289
17,4,4,2,1,1,4,2,4,2,3,2,30,14,15,16,31.006033440630336,27.67352853556318
16,4,4,1,2,0,4,5,2,1,2,3,0,11,10,11,-5.234971649600301,-6.683186352192714
16,4,3,1,2,0,4,3,5,1,5,2,2,14,14,15,-10.847246879295648,3.6644663133038273
16,2,3,1,2,0,4,4,3,1,3,4,4,11,12,12,1.5654521932641134,0.4214122469338017
17,1,1,1,2,0,4,4,4,1,3,1,0,14,15,15,-12.071484160932183,3.6756925878517985
17,2,2,1,1,0,5,3,2,1,2,3,21,13,13,13,25.654792429405344,18.340866234759574
16,2,2,2,4,0,5,3,5,1,1,5,6,13,13,13,-1.6195051644402392,7.447134830322337
17,3,4,1,3,1,4,4,3,3,4,5,14,8,9,8,24.575896637409688,4.910968405131548
16,3,1,1,2,0,2,3,3,2,2,4,2,11,11,12,0.7139010423181471,-3.1138074582016007
16,4,3,1,2,0,1,3,2,1,1,1,4,14,15,15,-6.9465472320054005,10.37967109713257
16,1,1,2,1,0,4,3,2,1,4,5,2,12,13,13,-3.21200453236598,0.3740736963706421
17,4,3,2,3,0,4,4,2,1,1,4,0,11,12,12,-5.998706133381151,-3.5083564716083955
19,3,3,1,4,0,4,3,3,1,2,3,4,12,12,12,1.0849331747910342,-1.1721337417675135
17,4,4,1,2,0,5,3,5,4,5,3,15,13,12,12,14.435456162981401,20.25158906936558
16,2,2,1,2,0,3,3,4,1,1,4,0,13,13,13,-7.92582839175747,-2.638454811144612
18,2,2,1,2,0,4,4,4,2,4,5,10,12,11,11,16.55520574057924,6.575912371376089
17,4,4,1,1,0,5,2,1,1,2,3,6,12,11,11,3.487541787597639,1.1235648322026468
17,3,2,2,2,0,4,4,4,1,3,1,2,14,16,15,-11.10359083309044,7.374888704046556
17,4,3,1,2,0,3,4,5,2,4,1,16,11,9,10,25.49679604016602,10.438346952541897
18,3,3,1,2,0,3,2,4,2,4,4,10,10,10,10,15.569172766555932,1.4044993229703135
17,2,3,2,1,0,3,3,3,1,4,3,4,12,13,13,1.7924121879557378,2.372172127715881
17,2,2,1,3,0,4,3,3,1,1,4,0,12,12,13,-5.753462054387279,-2.5691752711570968
17,2,1,2,2,0,4,2,5,1,2,5,0,11,10,11,-3.1923967183039887,-10.102376097947985
17,1,1,1,3,0,4,3,4,1,1,5,12,12,12,12,12.947556467072513,10.318550368606509
16,2,3,1,2,0,2,3,1,1,1,3,0,13,13,14,-10.377016245761904,-2.9452311695757856
18,2,2,2,2,3,3,3,3,5,5,4,9,10,9,10,17.945089901713075,-0.43149276140289305
16,4,4,1,3,0,5,3,2,1,1,5,4,15,16,16,-7.8605029691394686,8.015723477272063
18,3,1,1,2,0,5,3,3,1,1,4,4,8,8,8,8.087218914272437,-7.761186483708238
17,3,2,1,2,0,5,3,4,1,3,3,2,17,18,17,-16.31365601132936,12.76668696878317
17,2,3,1,2,0,5,3,3,1,3,3,0,10,11,11,-1.8994023796402755,-6.180181459660076
18,2,1,4,2,0,4,3,2,4,5,3,2,9,10,11,3.9999009700619603,-9.818802693386722
17,2,1,2,3,0,3,2,3,1,2,3,0,15,15,16,-14.448089847548715,3.4880999756201443
17,4,3,1,2,0,3,2,3,1,2,3,0,14,12,12,-7.907046938785433,-0.7617806701019028
17,2,2,2,2,0,4,5,2,1,1,1,0,12,13,13,-9.15756150162028,-2.951199339645341
17,4,4,1,2,0,4,5,5,1,3,2,0,13,13,13,-9.386623842987506,-2.602943525786979
16,4,4,1,2,0,4,2,4,2,4,1,0,13,13,14,-10.850311060397202,-1.862539267114959
16,1,1,2,2,0,3,4,2,1,1,5,2,9,9,9,4.429204268540948,-8.495172481668043
16,3,2,2,3,0,5,3,3,1,3,2,0,12,12,12,-7.417963191770927,-4.179111700971988
17,2,2,1,2,0,4,4,2,5,5,4,0,16,16,16,-15.903920062933755,3.6077573529156717
16,2,1,1,1,0,4,5,2,1,1,5,4,9,10,10,5.066972170996293,-5.048759722870889
16,4,1,1,2,0,5,3,3,1,2,5,0,14,13,13,-9.631877980866417,-1.3835003345741088
18,2,4,2,2,1,4,3,3,1,1,3,18,10,10,10,25.655436920808697,13.576356764631386
18,2,2,1,2,1,5,3,1,1,1,5,16,9,8,10,23.604567572893686,11.54948963384855
18,3,3,2,1,1,4,1,1,1,1,3,14,8,7,7,21.69144840099302,8.036775178784314
18,2,2,1,1,1,4,4,3,2,2,1,26,7,8,8,32.680545593354005,20.748662847557135
17,4,4,1,1,0,4,2,1,1,2,5,6,10,8,9,8.552648387967912,-0.23786817186442896
17,3,2,1,2,0,5,4,2,1,1,3,4,14,14,15,-6.204823842845894,9.055221770238733
17,1,1,1,3,0,4,3,2,1,2,4,10,11,10,10,14.28410343912933,5.889895725695312
16,1,2,1,1,0,5,3,5,1,2,5,4,12,11,11,2.362227512798126,-1.1587215886550972
17,2,1,3,2,0,2,1,1,1,1,3,2,13,13,13,-6.261020479704545,1.293648190247766
17,1,4,4,1,1,5,5,4,1,1,5,14,9,9,8,24.634576475793455,5.806492217543232
18,2,2,1,2,0,5,5,4,3,5,2,16,8,7,8,26.224362429689837,2.5009840531572665
17,2,2,1,1,1,3,1,2,1,1,1,8,11,9,10,9.728145836828824,2.2428803819888117
17,1,1,2,3,0,4,3,3,1,3,5,4,15,14,15,-6.835135159156779,6.677099182597013
17,4,2,1,2,0,4,3,2,1,1,4,4,15,14,14,-5.9656797351281785,8.167035424947226
17,4,3,2,2,0,2,5,5,1,4,5,8,15,15,15,-0.8603952038314171,15.350442869726313
17,4,4,2,2,0,3,3,3,2,3,4,0,12,12,12,-6.399354622466739,-1.1805699037247235
16,4,3,1,1,0,5,4,5,1,1,3,7,14,14,15,-3.009696659201377,9.946070782002664
16,4,4,1,1,0,5,3,2,1,2,5,4,14,15,15,-6.324936914565242,7.040909670374291
17,4,4,1,2,0,5,3,1,1,4,5,2,11,11,12,-0.747684414453834,-1.7327229921277467
17,1,1,2,3,0,4,3,3,1,1,1,2,13,14,15,-7.921541776486486,2.358367196554632
17,3,3,2,3,0,4,2,2,2,3,5,10,11,11,11,15.570366617729404,3.053885427110168
17,1,1,1,2,0,4,3,2,1,1,4,10,10,9,10,14.669502424895041,4.352541655526028
18,2,1,2,3,0,4,4,4,1,1,3,10,12,10,11,10.886324878167015,6.7260251861964315
16,2,1,3,1,0,4,3,3,1,1,4,7,15,16,16,-5.215969929212061,13.346840623148264
17,1,1,1,2,0,4,3,4,1,2,5,4,11,10,11,4.609718167110835,-3.4721862130261565
17,2,3,2,1,0,5,2,2,1,1,2,2,9,12,13,-4.698890642279584,-2.6644737363367845
22,3,1,1,1,3,5,4,5,5,5,1,12,7,8,5,26.094840664451116,-1.24908816833098
18,3,3,1,2,0,4,3,3,1,3,5,8,10,9,10,12.53736983083986,0.29138493703646395
16,0,2,1,1,0,4,3,2,2,4,5,0,11,12,11,-5.386234299641374,-3.621054539710224
18,3,2,2,1,0,4,4,5,2,4,5,8,7,8,7,17.592101855071842,-5.185692488965031
16,3,3,3,2,1,5,3,3,1,3,2,4,9,11,10,5.430132284015581,-5.5592637861986285
18,2,1,1,1,2,3,2,5,2,5,5,4,7,8,6,11.908765253537402,-11.538155070275003
16,2,1,2,1,0,3,3,2,1,3,3,2,14,13,12,-6.230065233478085,-0.5542311505586713
17,2,1,1,1,0,4,4,2,2,4,5,0,12,12,13,-6.383659072098608,-2.5711095229054086
17,1,1,2,1,1,4,4,4,1,2,5,0,9,10,10,-0.8045581219746089,-11.004979469014584
18,2,1,1,2,0,4,3,4,1,3,5,2,12,12,13,-2.024608608979085,-1.2001377708000933
17,4,2,1,4,0,4,2,3,1,1,4,2,14,15,17,-13.117075723732148,9.884357090872227
19,2,2,1,2,0,4,3,3,1,1,5,0,10,10,11,-1.3548344065590119,-9.312719404175041
18,2,1,3,2,1,4,4,5,4,4,5,4,11,10,11,6.698534695748984,-6.528429642469371
17,4,2,1,3,0,4,3,4,1,3,5,2,11,12,14,-2.439564848948735,0.09114935645204915
18,1,1,1,3,0,4,4,3,2,3,3,4,11,12,14,-1.4997927974709517,0.9181674706426517
18,2,2,1,2,0,3,2,3,1,1,5,4,11,11,13,2.518900475089744,-1.7277472526073168
19,4,3,1,2,0,4,3,1,1,1,1,4,11,13,14,-1.1319347503021384,-0.21261206110891961
18,2,1,1,2,0,5,2,4,1,2,4,2,16,16,16,-16.630344927904115,6.545627188510662
17,2,2,2,1,0,5,2,2,1,1,4,0,9,10,10,-1.7992588562313958,-10.176628022885597
17,2,2,1,4,0,3,4,1,1,1,2,2,10,11,12,-3.4252264285700527,-4.406656776873142
20,2,1,2,2,0,1,2,3,1,2,2,8,10,12,12,8.380216095249613,6.663232728792991
18,4,3,1,2,0,3,1,2,1,3,2,2,15,15,15,-10.936368721545017,7.063295336041195
18,4,3,1,2,0,4,3,2,1,1,3,2,10,10,11,-1.4724018217627155,-5.001409142889594
18,3,2,1,3,0,5,3,2,1,1,3,2,10,11,12,-1.834604055193564,-2.866439373373997
17,3,3,1,3,0,3,2,3,1,1,4,2,15,12,13,-5.667847832653235,2.4028339352427612
18,2,2,1,3,0,4,3,3,1,1,3,0,11,12,13,-5.806359059604182,-2.950894209735208
17,2,2,2,1,0,4,4,4,2,3,4,8,8,8,9,15.929224030559801,-2.6653598621985117
18,3,4,2,2,0,4,2,5,3,4,1,6,15,16,16,-2.265413113551438,17.911828224880747
17,3,1,1,2,0,5,4,4,3,4,5,0,11,11,14,-4.844595386400738,-2.2988818647967353
18,4,4,2,2,0,4,3,4,2,2,4,8,10,11,12,9.045433881191059,2.821342677028025
18,4,2,1,2,0,5,4,5,1,3,5,4,10,12,14,0.0511541246539699,0.8277688852247271
18,2,1,2,2,0,4,3,5,1,2,3,12,8,9,10,19.418890422620734,2.2517481228993708
19,3,3,1,2,0,4,3,5,3,3,5,16,11,12,12,15.761819657898037,20.265020189580756
18,2,3,1,4,0,4,5,5,1,3,2,10,16,16,16,1.7935369374247614,18.40096499015735
18,1,1,2,2,0,4,4,3,1,1,3,2,13,13,13,-5.9745309996578175,0.11352466561896508
17,1,2,1,2,0,3,5,2,2,2,1,2,16,17,18,-12.549604572246881,15.68341267124821
18,2,1,1,2,0,4,2,5,1,2,1,8,14,14,15,0.43480220750948706,14.746577706913271
17,2,4,2,2,0,4,3,3,1,1,1,6,15,16,16,-5.653994235937326,15.129437001494667
17,2,2,2,2,0,4,4,4,2,3,5,6,12,12,12,4.392040571471856,0.7676757034290401
18,3,2,2,2,0,4,1,1,1,1,5,15,12,9,10,23.439873570466833,11.527140908534758
18,4,4,2,1,0,3,2,4,1,4,3,6,11,12,12,5.584494393381765,3.664201581354668
18,4,4,1,2,1,2,4,4,1,1,4,2,14,12,13,-6.095986860246848,0.3905080005852122
17,2,2,3,3,0,4,2,3,1,1,1,8,13,15,15,-0.5778668947653746,17.519651963719674
19,3,2,1,2,1,3,3,3,4,3,3,0,9,8,10,2.836832240476645,-10.943902271974604
18,4,3,2,1,0,4,2,3,1,2,1,0,10,10,10,-2.59383389786596,-8.567291795902285
18,1,2,2,1,0,3,4,4,2,4,4,10,10,10,11,17.395999405896223,2.334734766684757
17,4,1,2,1,0,4,5,4,2,4,5,22,11,11,10,26.577837387909252,23.78855557377265
17,3,2,1,1,0,4,4,4,3,4,3,18,13,13,13,20.055272645799334,21.612819996311266
18,1,1,2,4,0,5,2,2,1,1,3,2,17,17,18,-19.155898685914398,9.884494574967077
18,1,1,2,2,0,5,4,4,1,1,4,0,12,13,13,-7.50992097845123,-2.788735777086388
17,2,2,1,2,0,5,4,5,1,2,5,12,12,12,14,11.680053705137595,12.514665056979466
18,2,1,2,2,0,4,3,1,1,1,5,10,12,13,14,9.07658618357494,10.109697003614956
17,1,1,1,2,0,4,3,3,1,2,4,0,12,12,12,-5.220922977735726,-3.2487390090409463
18,2,2,1,3,0,4,3,3,1,2,2,0,18,18,18,-17.142498381908513,13.773285180901057
17,1,1,1,3,0,4,3,3,1,1,3,0,13,13,14,-8.072194206311224,-1.6876612717837318
18,2,1,1,3,0,4,2,4,1,3,2,0,14,15,15,-13.517968365139076,3.4897539808808635
18,4,4,1,2,0,5,4,3,1,1,2,0,17,17,17,-19.071202227777512,8.253383909946685
18,4,2,1,2,0,4,3,2,1,4,5,2,15,16,16,-14.595303601574837,6.694519953370717
17,4,3,1,3,0,4,2,2,1,2,3,0,17,18,18,-18.098292148335307,10.01462229032626
17,3,1,2,4,0,3,1,2,1,1,3,0,18,19,19,-19.80890456700585,10.994447323469602
18,3,2,2,3,0,5,4,2,1,1,4,0,14,15,15,-14.160891847277584,3.571656542986251
17,3,3,1,1,0,4,4,3,1,3,5,0,14,15,15,-13.304786693522457,2.2562198288898707
19,4,4,2,2,0,2,3,4,2,3,2,2,14,13,13,-10.129021470590061,-1.9657562423279857
18,4,3,2,2,0,4,4,5,1,2,2,0,13,14,14,-10.611791538100224,-1.4077837456735562
18,4,3,1,4,0,4,3,3,1,1,3,0,16,17,17,-17.66160142791369,6.85507823668456
18,4,4,1,1,0,1,4,2,2,2,1,0,18,18,17,-20.54693046181952,10.803646147026642
18,4,4,1,2,0,4,2,4,1,1,4,0,14,15,15,-12.795131303333633,2.0163883841907393
17,4,4,2,1,0,4,1,1,2,2,5,0,12,13,13,-7.156662257725894,-3.4553082886559077
17,4,4,2,3,0,5,3,4,1,1,5,0,7,7,8,4.860704608773684,-12.771672278405035
17,4,2,2,3,0,4,3,3,1,1,3,0,16,16,16,-16.635430516668144,6.5588388721378506
17,3,2,1,4,0,5,2,2,1,2,5,0,18,18,18,-20.76615370719908,11.106792889440074
19,2,1,2,3,1,4,3,1,1,1,5,0,9,10,11,-4.117788369812278,-10.450503028590575
20,3,2,1,1,2,5,5,3,1,1,5,0,14,15,15,-13.237321717124205,-1.4066902749902517
19,3,3,1,2,0,4,5,3,1,2,5,0,10,10,11,-0.5144183511651121,-11.204781193274862
18,1,4,1,2,0,3,4,4,1,2,5,2,10,10,11,0.9186087824562876,-8.055873588692123
18,2,1,2,2,0,5,3,3,1,2,1,2,12,12,15,-7.315569711548199,1.801945064648945
17,2,3,2,2,0,4,2,1,1,1,3,2,11,12,14,-6.36282888100629,-2.8782902618539095
17,4,4,1,1,0,4,4,4,1,1,5,2,15,16,17,-11.856314967676127,9.294486115065448
18,4,3,1,3,0,4,3,4,1,1,5,2,14,15,17,-12.384897804122765,7.439940092714511
18,4,3,2,1,0,3,2,4,1,4,1,8,12,12,15,5.240800714945572,8.744876897086579
17,3,4,1,3,0,4,3,4,2,5,5,2,15,15,17,-13.877258947400753,7.407605160624032
18,3,3,1,2,0,4,1,4,1,1,3,8,11,12,14,6.005440399398691,5.873197826280285
19,4,2,2,2,0,5,4,4,1,1,1,9,11,10,10,12.412294867954579,3.4730064186174148
18,4,4,1,2,0,4,4,4,3,3,5,0,12,11,13,-6.469274480491201,-2.989040121720199
18,3,4,1,1,0,5,4,4,1,1,1,4,11,12,14,0.10688519720073307,3.261576499650265
17,4,4,1,1,0,5,3,4,1,2,5,2,14,15,17,-9.921980955161551,7.433040404087348
17,4,3,1,2,0,5,2,2,1,2,5,14,15,14,17,7.329595455739504,21.662542353851563
17,3,3,1,2,0,5,3,3,1,1,5,0,12,12,13,-5.999993451582207,-2.0793535793850384
17,2,1,1,2,0,4,2,3,2,2,2,2,11,12,14,-5.286847983063768,0.21073137079492713
18,4,4,1,1,0,4,2,5,3,4,5,2,8,9,11,3.15182729811918,-6.058068457592772
19,1,1,3,3,0,1,5,5,4,3,5,12,10,10,11,19.6035687622111,1.0937244223499034
19,1,1,3,2,2,5,3,4,1,1,4,2,8,8,9,6.6203499635594545,-13.713776338442944
18,2,2,1,1,0,4,3,5,2,4,5,2,10,10,10,4.354345582950164,-7.052259721744708
17,2,2,1,2,0,4,2,2,1,1,3,4,14,13,13,-3.4315102368439754,5.84166008566968
17,2,2,1,3,0,3,3,2,2,2,3,0,11,11,10,-2.093436415001655,-6.358836948751049
17,3,1,1,3,0,3,4,3,2,3,5,0,17,18,17,-20.53200073598815,7.1220377846428775
17,0,2,2,3,0,3,3,3,2,3,2,0,14,14,15,-13.889505723658807,2.3128422151418397
18,1,1,2,3,0,4,5,5,1,2,2,0,14,14,14,-10.38687748024827,-0.1064298323228437
18,4,4,1,3,0,4,3,3,2,2,3,0,13,14,13,-9.432689209506535,-0.5426909352029888
17,3,3,1,1,0,4,3,5,3,5,5,0,17,18,17,-19.558437334148817,8.416568865662095
17,2,2,4,1,0,4,4,5,5,5,4,2,11,10,10,2.632325230810998,-7.685743182763586
17,4,4,1,3,0,5,4,4,1,3,4,0,13,12,13,-7.031755021078129,-1.7700869566972501
17,4,4,2,3,0,4,3,3,1,2,4,4,15,14,15,-7.943389995942186,8.493080223336626
17,3,3,1,1,0,4,2,5,2,5,5,2,11,12,11,2.436357861689414,-3.9896986144044937
18,2,2,1,4,0,4,5,5,2,4,5,0,11,11,12,-4.032317000036574,-5.20372243189217
19,3,2,1,1,0,5,3,4,2,2,5,0,11,10,10,0.6971416030475613,-9.162263401295133
18,2,2,4,2,0,4,2,5,1,1,2,2,10,9,10,-0.2804050256018013,-10.783537673845958
17,2,4,1,3,0,4,4,3,1,1,5,0,15,15,15,-15.26802101664607,3.3953555687460875
18,2,2,1,1,0,5,4,2,1,2,5,6,15,14,15,-7.133120726183664,9.617135031354454
18,3,3,1,2,0,5,3,4,1,1,4,8,10,11,12,8.993928023189738,2.6022090535708378
18,2,2,1,2,0,4,3,3,1,1,2,0,10,9,12,-3.167303330917567,-6.126860116858534
18,2,2,2,4,0,4,4,4,1,1,4,6,14,13,14,-2.1581367650438614,7.903841545629159
17,3,4,1,3,0,4,4,5,1,3,5,8,11,13,14,6.271318920495536,4.975919963050236
17,3,2,1,2,0,4,3,2,2,3,2,0,12,13,15,-9.000253835000466,-0.4824377887647545
18,3,3,1,4,0,5,3,3,1,1,1,4,14,14,15,-8.304155064414982,8.373737802060653
17,3,2,1,2,0,4,3,3,2,3,2,0,14,14,16,-11.254396921992846,2.3966172287723873
18,4,4,1,2,0,4,3,3,2,2,2,0,12,12,13,-8.63495500526344,-3.0852349779849866
18,3,4,1,2,0,4,3,3,1,3,5,6,16,16,17,-7.3375593362945795,14.307638865584076
17,2,2,1,2,0,3,3,1,1,2,4,18,10,12,14,24.32589000421514,12.233772963504517
18,2,3,1,3,0,4,3,3,1,2,3,0,11,12,14,-6.826531978337182,-3.2252297317325933
18,3,2,1,3,0,5,4,3,2,3,1,4,14,16,17,-7.969499224938214,13.06770805099714
18,4,3,1,3,0,5,3,2,1,2,4,4,15,14,17,-9.047078917085823,10.823841053160425
18,4,3,1,3,0,5,4,5,2,3,5,0,14,13,14,-9.195262467412135,-1.7041355487671728
17,4,3,1,3,0,4,4,3,1,3,4,0,11,12,13,-4.773786336751273,-2.22031855011227
17,2,1,2,2,0,4,3,4,2,2,1,10,12,15,15,4.080319118130458,15.270955957496424
17,2,1,1,2,0,4,3,5,2,4,4,4,12,16,16,-5.5389900647248185,8.947401537241593
19,2,3,2,1,1,2,2,3,3,4,5,16,10,11,11,21.49981757671747,14.660250516080952
17,3,1,1,1,1,4,1,2,1,1,3,6,10,13,13,2.8377130229343606,3.0158338002098146
21,4,4,1,3,2,3,3,2,1,1,5,0,9,12,12,-4.71281150404956,-8.055876117455554
18,2,2,1,2,0,4,4,4,1,3,3,11,9,11,12,18.77537537361718,3.6804460766736913
18,3,4,1,2,0,4,3,5,1,4,2,9,13,14,15,4.203944804126516,14.440278150143051
17,2,2,1,2,0,4,3,4,1,3,4,0,13,17,17,-11.355121348844198,6.926013912995268
17,4,4,1,3,0,4,4,2,1,2,4,2,12,15,15,-7.422941934629527,4.314319329882377
18,4,2,1,2,0,4,2,2,1,1,3,0,14,17,17,-15.255981200236244,9.178715050664971
21,1,1,2,2,2,5,3,3,5,2,4,21,9,10,10,23.83256683054236,22.54656582465431
20,1,1,2,3,0,3,2,2,1,3,3,8,11,15,15,5.8856107595889116,14.816909846001945
19,4,4,1,1,1,3,2,5,4,4,5,5,9,10,11,7.303603292931766,-2.2824717292837655
17,3,2,1,2,0,4,4,4,1,2,5,10,16,18,18,-2.8166110373058606,20.78837088620798
18,3,2,1,3,0,4,3,4,1,2,2,5,14,17,17,-7.272053287228549,13.845009333925482
18,2,3,1,1,0,3,1,3,4,5,4,13,13,14,14,8.98628611563267,16.181866562751065
19,2,1,1,1,0,5,3,4,1,4,4,10,7,11,11,21.15421106399401,1.4027161573880862
18,2,2,2,2,0,4,1,4,1,3,4,10,14,17,17,-0.06460928845926962,18.552392198758024
20,1,0,2,1,1,5,3,1,1,1,5,5,8,10,10,4.256475049457145,-9.085171837973464
18,3,2,1,2,0,3,1,2,1,2,1,4,10,13,13,-1.5745357007272354,1.7756943936300256
16,1,3,2,1,0,4,3,3,1,3,5,11,10,11,11,16.13523732057754,6.981936296417701
16,2,2,2,2,0,4,4,4,1,1,5,0,12,12,12,-6.795711541119802,-4.608030958009053
15,1,1,1,1,1,4,1,3,1,1,2,6,10,10,10,6.952982749050725,-1.8283516714211163
15,3,3,2,1,0,5,4,4,2,3,5,4,10,10,11,5.119648355887535,-4.791559807571858
16,2,3,2,2,0,4,5,2,1,2,5,0,16,17,17,-18.5768499884442,7.32464867522673
15,2,1,2,1,0,1,3,4,1,1,1,0,6,8,9,0.5674620293222515,-14.478068417668469
16,4,4,1,2,0,5,3,2,1,3,2,5,10,11,11,3.992362953264638,-2.830873408222006
16,1,2,1,3,0,4,4,3,1,1,5,0,10,11,11,-1.5932848364059904,-6.375419551358764
17,3,2,1,2,1,4,5,4,1,2,5,0,10,10,10,0.48282201276094194,-11.307900709541535
17,1,1,1,1,1,5,4,4,2,2,5,0,6,6,7,7.0748082382676865,-15.511171707105342
15,4,4,2,1,0,1,5,1,3,5,5,0,13,14,14,-9.617879426467974,-1.2646512986677583
16,2,2,2,4,0,1,2,1,1,1,1,4,10,9,11,1.0608137841335126,-4.171744931960488
15,1,1,2,2,0,5,4,3,1,2,4,0,10,10,10,-2.2995967516018183,-9.517567607010196
15,1,1,2,1,1,4,4,3,1,2,2,4,6,7,8,15.24736368309601,-8.571850726068245
16,0,2,2,1,0,3,2,3,1,2,2,0,12,11,12,-6.831235059906557,-5.403879529710164
17,2,3,2,1,0,5,5,5,1,3,3,2,10,11,12,-2.072527843432845,-8.113973414264608
15,3,3,2,1,0,4,1,3,1,1,4,0,14,16,16,-13.904097081090153,3.788340176840516
16,1,1,2,2,0,5,4,5,4,5,3,0,7,0,0,3.8727918626325155,5.607922238396038
17,1,1,1,2,0,4,4,3,2,4,5,4,8,9,9,9.836582615551201,-6.978029111973656
15,4,1,1,2,0,5,3,4,1,2,2,0,12,13,14,-9.047914098960339,-1.162093918102174
15,4,1,1,2,0,5,3,4,1,2,2,7,7,9,8,13.93637696146402,-5.589742151782233
16,3,4,3,2,0,3,4,5,1,2,5,4,9,10,11,5.901064416118415,-5.846348323762425
15,1,1,4,2,0,5,4,5,2,4,4,8,7,9,9,19.1473728929418,-4.16901889581336
15,3,3,1,2,0,5,3,3,1,1,5,0,11,11,11,-3.8160308115542394,-6.203815954734918
17,2,1,3,1,0,5,5,5,5,5,3,8,8,10,9,15.802376242822874,-3.765021498846799
16,4,4,2,3,0,4,2,2,1,1,4,6,16,16,17,-8.516323481921361,10.812153681165901
15,1,2,2,1,0,5,1,2,1,1,1,3,11,13,13,-5.723067584077646,-0.8865007675320602
16,2,3,3,2,0,4,5,4,1,2,1,2,15,15,15,-11.591927321230887,5.410086372254604
16,1,2,2,2,0,4,3,3,1,1,5,0,10,11,11,-2.7819698395811105,-7.623658318499514
16,2,2,3,2,0,4,4,5,1,1,4,4,9,10,11,5.417265525069848,-7.713284435202515
16,1,2,1,3,1,1,3,2,1,2,4,0,10,8,8,0.07412332339292502,-10.063292518488536
16,1,2,1,3,1,1,3,2,1,2,4,3,9,8,8,4.086843594215753,-10.64417077963154
15,2,1,1,2,0,4,4,2,3,3,2,0,9,10,9,-1.4423997643052613,-10.436882614494824
16,1,1,1,2,0,5,4,3,2,1,2,0,13,14,15,-10.150727571406918,-0.01326118316101427
17,1,2,1,1,0,5,5,5,5,5,3,4,10,11,11,7.660212436781376,-6.1192359170489095
16,1,1,4,4,0,4,3,2,1,1,1,0,13,10,13,-7.992633564352267,-7.8293585419293255
16,1,1,4,3,0,4,4,3,1,1,5,2,10,9,10,0.5252635564655043,-9.362621684220654
15,1,1,2,2,0,4,3,3,1,1,2,1,11,10,11,-4.415700622196772,-6.973828129669758
16,1,1,2,1,0,4,2,2,4,3,2,0,13,12,14,-9.009301404212234,-0.5662693622224809
15,1,1,3,2,0,4,2,1,1,2,2,0,13,14,14,-10.628278322936648,-2.2489358548360854
15,2,2,1,3,0,4,4,3,2,2,5,2,14,11,12,-1.560501634899104,-4.2015687027760835
16,1,1,2,1,0,3,4,4,3,4,5,6,11,11,11,6.963456481272521,-2.2747210832351734
18,1,2,1,2,1,3,4,4,2,3,5,9,9,8,8,15.814073672485458,-1.1060167780681256
15,3,1,2,1,0,3,2,3,1,3,4,0,10,9,11,-3.2315174412561083,-9.854942167638576
16,2,2,3,2,0,5,3,4,1,1,2,1,14,13,14,-9.56504138631969,0.636339337707855
15,2,2,3,1,0,4,3,3,1,2,4,1,13,12,13,-6.957764653906341,-3.1121783984414337
16,4,4,1,2,0,4,3,1,1,1,3,0,13,12,13,-8.62582240683654,-2.608587656274893
15,3,3,1,2,0,4,5,4,1,1,1,4,13,12,12,-0.6835148329582786,4.525123066645558
16,2,2,2,2,1,4,4,4,2,3,5,2,12,11,12,-0.9105957078816034,-3.5912839820755105
16,2,2,3,1,0,4,3,2,1,1,4,0,14,14,16,-10.395782139091933,2.9510973786595245
16,2,1,2,1,0,2,4,3,2,3,4,4,10,8,10,8.494042557379046,-8.201077979036562
15,1,3,3,1,0,4,2,4,3,5,3,2,10,11,11,1.9294519980711828,-8.629791362581843
15,2,2,2,3,0,5,3,2,1,1,4,0,12,13,14,-7.732534820816187,-2.0384234217048833
16,2,1,1,1,0,5,4,3,1,1,5,2,10,8,8,3.7481106500516232,-7.147995408770302
15,3,3,2,1,0,4,3,3,2,4,3,11,12,10,11,17.513635929197402,3.9963200882148575
16,1,1,2,2,3,3,4,3,1,1,1,0,7,7,8,0.3489808991713216,-16.580184053104105
17,2,2,1,1,0,4,5,3,1,1,5,4,9,9,10,6.123696060917092,-5.0110154783277965
19,2,3,1,1,1,4,4,4,1,1,2,0,9,9,10,-2.2082053752781063,-9.733900211411862
17,2,1,3,1,0,5,5,3,1,1,3,2,9,10,11,0.848896304061692,-9.340907507615821
15,1,1,2,1,0,5,2,1,1,3,4,0,9,10,9,-2.872037877830659,-12.439213730838008
16,2,2,3,2,0,3,4,5,1,2,1,1,9,10,11,-3.3356138906429083,-11.316277903344451
16,2,2,1,1,0,4,3,4,1,2,1,6,7,7,8,11.593898305443929,-7.455328065002452
17,2,2,2,2,0,4,3,5,1,2,4,0,11,10,11,-2.780159222839049,-8.71974526374346
16,2,2,1,1,1,4,4,3,1,4,3,1,9,10,10,0.6122868952067737,-8.372324580675784
18,3,2,2,3,2,3,3,2,1,1,2,6,7,9,10,8.095757995018904,-10.647141580555566
19,1,1,1,3,1,5,3,1,1,1,3,6,7,9,9,8.490807078012299,-10.130875270811732
18,1,1,2,1,1,4,4,3,3,4,4,0,8,9,10,3.0371842150458113,-10.77120447639003
18,1,1,2,1,1,3,2,3,1,1,2,4,9,11,10,4.138353925405629,-5.6275557645504675
19,1,1,2,2,1,1,1,4,4,1,1,12,7,8,9,17.85118143792582,0.8256333449803931
16,2,2,1,2,0,3,3,2,1,1,3,2,8,10,10,1.0679610209733477,-8.051672604251964
17,0,1,2,1,0,2,4,4,3,5,5,5,9,9,10,9.746588139475499,-5.596535572999522
16,1,2,1,2,0,4,4,5,1,3,3,0,8,9,9,0.732655089345654,-11.770532915693995
16,3,3,1,1,0,4,5,4,1,1,4,0,14,13,13,-9.750875114061103,-0.8343923778533818
16,1,1,1,1,0,4,4,4,2,2,4,2,14,14,14,-8.60369091249842,0.279561411901379
17,3,3,2,4,1,5,4,5,3,4,5,0,10,11,10,0.13915173430924835,-7.641432864885743
16,2,1,1,2,0,5,3,3,1,1,1,0,14,13,14,-11.025825071048722,-1.2000440529272445
16,2,2,1,1,0,4,2,5,1,2,5,0,17,16,16,-16.11102821450308,5.6691915871705
17,1,2,1,1,1,5,3,5,5,5,1,12,6,7,7,20.25958317278975,-1.4303080325791784
16,4,3,1,1,0,4,2,5,1,5,5,8,14,12,13,4.31133721945143,4.920742987627823
17,2,2,3,4,1,1,3,5,3,5,3,2,10,8,9,5.468940158517181,-12.02592253461465
16,1,1,1,4,0,2,2,1,1,1,5,0,14,14,14,-12.059749568956677,-1.2854373743497893
19,2,2,1,3,0,5,4,5,1,1,1,0,12,13,13,-7.291786974535474,-1.1026156761982246
17,1,1,2,1,0,4,4,5,1,2,5,0,11,11,11,-3.1417893173090365,-9.031268697534896
20,3,3,2,2,1,3,3,4,2,4,3,8,11,9,10,15.584066379404891,0.563982876306621
17,1,1,1,3,0,4,3,3,1,1,3,0,11,11,10,-4.028532529512291,-6.207222016754872
17,2,2,3,1,1,4,4,5,1,2,5,0,10,9,9,-1.4354436300219238,-11.356347749144566
16,1,1,3,2,0,5,3,2,1,1,1,0,16,17,18,-16.155461689962053,9.140374862324853
17,2,2,2,2,0,5,3,2,1,1,1,0,15,17,17,-15.830819336903208,8.633513781403048
17,1,0,2,2,0,4,4,5,1,1,4,1,11,9,10,-0.9685172269947036,-10.622760811361571
18,1,1,1,2,1,4,3,2,1,1,5,9,7,7,7,19.384626476265737,-4.26012592278302
16,3,1,1,1,0,3,1,3,1,3,1,0,8,6,8,4.9402752116890705,-13.521219078091951
16,3,2,1,1,0,3,1,3,1,4,3,2,7,6,7,6.806136196387923,-10.68193339929286
18,1,1,2,2,0,2,3,5,1,4,3,8,9,8,10,13.767508333426541,-2.544452558914676
16,4,4,1,2,0,4,3,3,2,3,2,0,14,16,16,-13.981297517592495,3.8428307322681294
16,1,2,2,1,0,5,4,5,1,4,2,0,14,14,15,-12.862757795210676,2.1228003634899615
18,2,4,1,2,1,2,3,2,1,3,1,8,8,5,8,17.479851087457668,-5.559529825207976
16,2,1,2,2,0,5,2,1,1,1,2,0,8,7,0,3.90504531477426,5.691301442906299
16,1,1,3,2,0,4,3,2,1,3,5,6,6,8,8,14.506968949370961,-7.482180749075313
16,2,3,2,2,0,3,3,3,1,1,2,0,8,10,10,-0.11437158716304775,-10.313625990333824
16,4,4,1,2,0,4,3,4,1,2,3,4,8,8,8,7.366459661842538,-6.48069910773055
18,4,4,1,4,0,5,5,5,5,5,5,2,5,6,6,11.729470407132203,-15.204834732260618
16,3,4,3,2,0,4,2,1,1,1,2,2,7,9,8,3.9732681872028603,-10.710757106160985
17,4,4,1,3,0,4,4,3,1,2,5,0,15,14,16,-14.72992572468878,4.191351569909313
17,4,1,1,1,0,4,2,3,1,2,5,1,13,14,14,-11.868218750007907,-0.6424604152657502
16,2,2,4,3,0,5,1,3,2,2,3,0,10,9,10,-3.1277143662423676,-12.431862012342844
17,2,2,1,1,0,5,1,3,1,2,5,5,9,9,9,6.828606760778229,-4.533068616965047
16,4,4,2,1,0,5,1,3,1,2,5,1,11,11,11,-4.5539194478064005,-3.8922505768212163
17,3,3,1,1,0,4,1,4,5,5,3,8,7,10,9,12.927502108668115,-2.0776939635773384
17,1,1,3,2,0,5,1,3,3,3,1,0,10,10,10,-3.916479816206393,-11.578559011632665
16,2,1,2,2,0,4,2,2,1,4,5,2,9,7,8,5.064038941978906,-7.372207582695186
16,2,1,1,2,0,3,2,2,1,1,3,0,14,15,16,-13.504034677156714,3.041151754345752
16,4,4,1,1,0,4,1,2,2,5,5,0,11,12,12,-3.7063316882970976,-3.1343728192764537
15,1,2,3,2,0,5,5,5,1,3,5,11,9,11,10,19.843852789487702,3.4357252661456603
15,2,2,3,4,0,5,4,5,2,3,5,8,13,14,14,2.4849583980716488,5.296706797026499
15,2,1,1,1,0,4,3,3,1,2,5,11,12,13,12,10.792678655392224,8.278776658114666
16,2,2,1,3,0,4,3,3,2,2,5,2,11,11,11,0.63998896213524,-4.380188854758348
16,4,1,2,2,0,1,2,4,2,2,1,8,9,10,10,10.129658087978056,-0.6512002479566025
17,3,2,2,1,0,4,3,3,2,2,1,5,9,11,11,5.049821041815718,-1.8426367192060973
17,2,2,2,2,0,5,1,3,1,1,5,0,11,9,11,-3.7568395998395254,-10.126442198766703
16,4,4,2,3,0,5,3,5,1,4,5,1,10,11,12,-2.1982518899812846,-5.280240984980723
17,4,4,3,1,3,3,3,3,1,3,5,2,9,9,8,3.248978810821932,-12.153571685003946
17,1,3,2,1,0,5,1,2,3,3,5,2,12,11,12,-3.3622319051989695,-3.520658016732123
17,3,4,1,2,1,5,4,4,3,4,5,8,8,9,8,15.910286963527701,-2.5526259477958755
17,4,4,1,2,0,5,2,5,1,1,5,0,13,15,16,-12.81111943781277,3.5257931207298423
16,4,1,1,1,0,4,1,2,2,1,2,0,10,11,11,-4.968806276259526,-7.058742196634408
17,1,1,1,2,0,4,5,5,1,2,3,2,11,10,11,1.0176910327944317,-8.450971412794443
17,4,2,2,2,0,4,3,3,2,3,5,0,17,18,18,-19.90024136713252,11.595963569435488
16,2,2,2,2,0,4,1,2,2,2,5,0,12,13,13,-7.639245368390998,-3.709181076228111
17,3,2,2,2,0,4,1,2,2,2,1,0,13,14,13,-10.711145873261703,-2.1646187356430557
19,1,1,1,2,2,4,4,3,3,4,4,2,9,9,10,7.535069504332682,-10.089177546644848
17,1,0,1,1,0,4,1,2,1,1,5,4,11,11,12,4.040166385411905,-2.223721172935029
17,1,1,2,1,0,3,5,5,2,2,4,3,10,11,10,4.853750888850304,-6.728326011592859
16,1,2,1,3,0,4,3,4,1,1,3,5,13,14,13,-0.12346467408291624,6.688550873164668
16,1,2,1,1,0,4,4,4,2,4,5,4,9,10,11,7.081737176239382,-6.122556194588787
17,3,1,2,2,3,5,4,4,1,1,5,2,7,9,10,1.8834288253613833,-13.972495153919466
17,2,2,2,1,0,5,5,5,3,5,5,0,8,13,10,0.9737834121968838,-9.47711138856631
18,1,0,3,1,1,4,3,2,1,1,4,0,12,12,13,-7.21648468560487,-3.820398891915849
17,1,1,2,1,0,4,5,5,1,3,2,0,10,9,10,0.7763975843016659,-12.050530867939585
18,1,1,2,2,0,4,3,3,1,4,5,6,10,9,10,9.191836256231925,-3.3122688634027386
16,2,2,1,2,0,5,4,3,1,1,1,0,11,13,12,-7.344983802283944,-4.842201986916868
17,2,2,1,1,1,1,2,1,2,3,5,0,7,0,0,3.9090827724311223,5.701416529309996
16,3,2,2,1,0,4,5,5,2,3,5,2,11,9,10,3.7263492995645935,-8.008992954577808
16,1,1,2,1,0,4,5,5,2,4,5,0,10,10,9,1.5836684844716113,-9.100073805328629
18,1,1,2,1,1,5,3,3,2,3,5,2,9,7,9,5.135796344253538,-11.270614009131176
18,3,2,1,1,1,2,3,1,2,2,5,0,4,0,0,3.9078618793473403,5.69825580496231
19,3,2,2,1,3,3,2,1,1,1,3,4,6,11,9,5.85765632793919,-10.28391704394912
18,3,3,1,2,2,4,4,5,1,3,3,9,4,8,8,19.765096895766135,-4.655236052246324
16,2,2,2,1,0,5,4,3,2,4,4,6,7,8,8,14.55567969709986,-6.436027237501458
19,2,1,2,1,3,4,4,3,1,3,5,4,8,9,9,8.14409116688833,-12.62110434622473
16,3,2,2,2,2,2,5,5,1,1,1,8,5,5,7,16.073943692974662,-8.608947205988402
17,1,1,1,1,0,4,3,2,1,2,5,9,7,9,10,18.384987077744444,0.3612928065909936
20,1,1,2,1,1,4,4,3,2,4,4,12,8,11,10,20.125722786817924,2.0345744429494013
18,4,3,1,1,0,5,4,4,3,4,2,8,10,11,10,13.121443803345345,2.6887368512515013
18,3,2,2,1,0,2,5,5,5,5,5,8,9,10,11,15.12758265357808,-2.3456663959769886
19,1,1,3,2,1,5,4,4,3,3,2,8,10,9,11,15.506568184221672,0.7723807316289207
17,3,3,2,2,1,4,5,4,2,3,3,4,8,9,10,6.826623391811841,-7.209006502738822
18,1,3,1,1,0,4,3,3,2,3,3,0,9,10,9,-1.0693234208379294,-9.517412484721264
19,1,1,3,1,1,4,4,4,3,3,5,4,8,9,10,8.463504661337907,-9.437350967080537
18,1,2,2,2,2,4,3,3,1,1,5,2,6,8,8,7.3266432616379795,-14.49212375550175
19,1,1,1,1,0,1,4,4,1,1,5,0,6,8,7,5.852381644488247,-15.004811711379496
18,2,2,2,1,1,5,5,5,1,1,3,0,8,6,0,3.9299489504922835,5.755161178040454
17,0,0,2,1,0,4,4,3,1,1,5,0,10,11,11,-2.2520506150946002,-9.86722532296764
17,3,1,2,3,0,4,2,3,2,2,3,5,8,7,8,11.484649383652915,-8.163028636351875
17,4,2,1,2,0,5,5,5,1,3,5,0,8,8,0,3.9074446669908123,5.697353155423112
18,2,2,1,2,1,2,3,3,1,2,4,3,7,6,8,8.963819728965182,-12.016270820571696
17,4,1,1,1,0,3,2,2,1,1,5,0,8,10,9,-0.5539174756897345,-11.796927768975872
17,1,2,1,1,0,5,5,1,1,1,3,0,7,10,10,-0.8883526299664983,-10.985841669934405
18,1,1,3,2,2,3,4,4,2,2,5,3,7,8,7,9.677615905315538,-15.191208500817162
18,2,2,2,2,0,4,3,5,1,1,1,2,12,13,14,-4.705956212652411,2.1883755533267726
17,3,3,2,1,0,4,4,3,1,1,4,0,11,12,13,-6.823171578435461,-4.027298279416559
18,1,2,2,2,0,4,4,3,1,2,4,0,12,13,14,-7.72257326781398,-2.925115308520361
18,4,4,2,2,0,4,3,5,1,2,1,0,18,18,18,-17.783275450201433,14.391411991868464
18,4,4,1,1,0,5,4,5,1,1,5,3,17,17,17,-11.554444348899388,12.862461401544307
17,4,2,2,2,0,4,3,3,1,2,4,0,17,18,18,-19.154573292478016,10.096517185649596
18,2,2,3,2,1,4,3,3,1,1,4,0,9,0,0,3.8840091457218215,5.636819683458376
18,1,2,2,1,0,4,1,4,5,5,1,8,10,11,11,16.53366577873186,0.32649554043574697
18,4,4,3,1,0,2,5,5,1,1,1,5,12,13,14,-4.0686506516030105,5.474860109296626
17,1,1,3,1,0,4,2,3,3,4,4,4,12,13,14,-0.6861631345629723,3.9154743274862125
18,2,2,2,2,0,1,3,1,1,1,2,4,8,8,10,2.8346934630507685,-9.737788896566334
18,2,2,2,3,0,5,4,5,1,4,3,0,11,12,13,-6.088460489361353,-4.814749323142921
18,4,2,1,2,0,5,3,1,1,1,5,0,5,0,0,3.904794532826456,5.690393863508373
18,1,1,3,2,1,4,4,2,1,2,2,2,9,10,10,2.267624463140202,-7.862075540193347
19,1,1,2,1,1,5,5,5,2,3,2,0,5,0,0,3.8878750789883783,5.6467361739785655
17,4,2,2,4,0,4,2,3,3,1,5,0,18,18,18,-21.38524742396396,11.388070894540876
17,2,1,2,2,0,5,3,3,1,2,2,5,11,11,12,2.8255143296301735,1.2064330246688255
18,1,1,1,2,0,5,2,3,1,2,3,2,8,10,11,0.8513231641296679,-7.878200060644147
18,1,2,2,2,0,4,1,1,1,1,4,0,11,11,12,-6.3782092710685205,-6.1086505654014625
19,1,1,2,2,3,3,5,4,1,4,1,0,8,0,0,3.916681229377389,5.720859030632431
18,2,2,2,3,0,4,2,1,1,1,4,5,14,14,15,-5.768723126461243,7.997236734498883
17,4,3,2,2,1,4,5,5,1,3,2,4,10,11,11,2.6412161279286677,-5.789273041715892
18,3,3,1,2,0,5,3,4,1,1,5,0,10,10,10,-0.5557581554324454,-11.059281862370058
17,4,4,2,2,0,4,3,3,1,2,5,2,12,12,12,-3.8758915238342326,-0.09218531938206782
17,3,2,2,2,0,1,2,3,1,2,5,0,15,14,15,-13.515830234209654,1.18683963007706
18,1,1,2,1,0,3,3,2,1,2,3,2,14,13,14,-5.986855008169599,1.767784253279945
18,1,1,2,3,0,5,3,2,1,1,4,0,19,17,18,-19.93101853475111,14.2187775777408
18,1,2,3,2,0,4,3,4,1,4,5,0,16,15,15,-16.76403044273437,3.880148653882325
18,3,3,2,2,0,4,3,2,1,3,3,6,13,12,13,2.8277559835113726,3.740067595953724
17,4,4,1,2,0,2,3,4,1,1,1,4,15,14,15,-8.277345928663905,9.383566206504273
17,1,2,2,2,0,3,2,2,1,2,3,0,13,13,13,-7.963102865395513,-2.1247708845368662
18,1,3,2,2,0,3,3,4,2,4,3,0,8,10,9,0.12565092068338463,-11.147607950095793
18,4,4,2,3,0,4,2,2,2,2,5,0,15,16,16,-16.290232489502916,3.4619891137482597
17,1,1,3,1,1,5,2,1,1,2,1,0,8,8,9,0.3333094274844833,-11.394638268376491
18,2,3,2,1,0,5,2,3,1,2,4,0,10,10,10,-1.919985479055676,-9.226613818340443
18,4,4,3,2,0,3,2,2,4,2,5,0,7,5,0,3.92982889074917,5.7548935969475465
18,1,2,3,1,0,4,3,3,2,3,3,3,9,10,10,3.7661128090356066,-8.651672277397287
17,2,2,1,3,0,3,4,3,1,1,3,8,10,11,12,7.308551018697411,5.371764550821643
17,1,2,1,1,0,3,5,5,1,3,1,4,7,8,9,10.442062837075813,-8.752273112910341
18,4,4,2,3,0,5,4,4,1,1,1,0,15,17,17,-18.28562076060147,8.106760560671573
18,1,1,4,3,0,4,3,2,1,2,4,4,10,11,12,3.5748298688623383,-4.132751680176605
19,1,1,2,2,1,4,3,3,1,1,3,4,7,8,9,8.83693216436021,-10.735561053536571
18,4,4,1,2,0,5,4,3,3,4,2,1,13,14,14,-11.313681582556232,-1.9230423756084483
18,3,3,1,2,0,4,1,3,1,2,1,1,16,16,16,-13.962252428003948,8.326444666713162
17,3,1,1,2,0,4,5,4,2,3,1,10,8,9,9,18.74439478172018,-1.2755584853298088
18,4,4,1,2,0,3,2,4,1,4,2,4,17,18,19,-11.682945717954555,17.62812682561025
18,2,1,2,1,0,4,4,3,1,3,5,0,7,7,0,3.921133527785565,5.732603964080493
17,2,3,2,2,0,4,4,3,1,1,3,4,14,15,16,-7.920353377492152,10.36923110597975
19,1,1,2,1,1,4,3,2,1,3,5,0,5,8,0,3.906985826183526,5.696280133515678
18,4,2,2,1,1,5,4,3,4,3,3,0,7,7,0,3.920561682514491,5.731148637766506
18,2,2,2,3,0,5,3,3,1,3,4,0,14,17,15,-14.15536363286553,5.758870167855476
17,4,3,2,2,0,5,5,4,1,1,1,0,6,9,11,-0.9444197833965511,-13.696430959169373
18,4,4,3,1,0,4,4,3,2,2,5,4,7,9,10,5.92167625486471,-6.335250863960376
19,2,3,1,3,1,5,4,2,1,2,5,4,10,11,10,1.8839467299503714,-4.775200916835862
18,3,1,1,2,0,4,3,4,1,1,1,4,15,15,16,-6.129693603341576,12.9607404298288
18,1,1,2,2,0,1,1,1,1,1,5,6,11,12,9,7.812805967069592,-1.9217690496859343
17,3,1,2,1,0,2,4,5,3,4,2,6,10,10,10,10.09693656848305,-2.3884417699479434
18,3,2,3,1,0,4,4,1,3,4,5,4,10,11,11,4.280847547401186,-4.992959731415159
